square_feet,bedrooms,bathrooms,age_years,lot_size,garage_spaces,neighborhood_score,price
2185.430534813131,4,3,37.44131684816532,6555.279097831669,2,7.4834559872780115,545197.6158168316
4778.214378844623,6,2,32.557379244083705,9434.469635621179,0,5.600022746405505,986105.3266184758
3793.972738151323,3,4,31.046428373921557,1416.3532467251703,0,6.438816840162878,803623.3884955419
3193.9631788866645,5,2,17.61874733048272,6719.875478851947,0,5.148085043859237,758061.4713951794
1202.0838819909643,1,3,42.072377654238,10549.99360997248,1,8.458380854362058,380353.4230128433
1201.9753415129119,5,2,23.564358369908227,2067.3454696013414,2,8.466064441147449,455418.3427526589
761.3762547568977,6,3,48.95524690075773,10330.818858280138,0,7.384499396419476,382626.9256291556
4397.7926559872085,6,2,31.70710691478684,18615.10194831012,2,1.9486123965681603,978071.2608810868
3205.0175528444397,1,3,6.313237078225137,3002.4711440482993,1,8.54968475713662,718859.2950681134
3686.3266000822045,2,3,33.8088781037717,15524.373833434582,1,7.039116824796189,765781.4252548607
592.630224331111,1,2,16.25520077158495,8783.750014143861,0,7.273217494038695,290658.67563626776
4864.594334728975,4,4,34.31635983430487,13448.300575962423,0,4.266845563634845,988013.1971138458
4245.991883601898,3,1,3.482057408120287,5944.495361719358,3,8.913516005413062,910802.7811825974
1455.5259980522428,2,4,8.74407185879797,4030.3529882858074,2,7.528344402113717,469406.7986473023
1318.2123524319527,1,2,42.786862945289315,4048.789671153302,0,2.01331419876275,302878.4032192792
1325.3202943404522,5,4,11.358977851175744,2339.3469672197484,3,4.670002309655464,484768.27463934035
1869.0900933179198,2,3,41.852056262147,4527.287393123617,2,8.977423257641275,458505.85613937775
2861.4039423450704,2,1,13.963804422720521,13620.168314790397,0,1.4247703152764108,618430.0773836116
2443.752583889521,1,2,32.144095502935386,17752.12162502665,3,9.652749576778445,636577.9853319803
1810.5311308911887,2,2,34.70752867549155,16468.388026232074,3,7.112463114876065,519834.397924052
3253.3380262507076,5,2,25.632737657252648,14017.551887615198,2,6.682383798790389,781018.2602591936
1127.7223729341881,6,1,15.265533834836564,3098.2054048109508,3,3.4350333083919224,428824.8879361459
1814.6509184084816,2,3,10.632218818554806,6494.561479623047,2,3.2391260986525934,504679.250349149
2148.6282948216126,6,2,1.659467728121311,6886.330631126911,2,9.478523975397358,703243.0801770177
2552.3149289766616,5,4,15.19732006203619,5749.181981554803,2,3.6844520881071046,654890.362843803
4033.291826268561,1,2,32.65813952656415,10785.10753448474,1,7.9795476704709944,807010.9708655302
1398.5320197126189,3,2,46.91524092242413,11175.522482713779,3,4.538096183863712,423954.66120555217
2814.0549728612523,2,2,43.5602241131526,7780.833528251094,2,2.253286637062336,557499.0905605144
3165.865559879191,3,2,38.30323882676513,7721.994015992284,0,1.0964376792582304,661702.9806076946
709.0268572399898,5,3,39.42236716266493,16742.556360215545,1,5.898316033137258,406499.26524504606
3233.9518335564726,2,4,33.249245173799764,15996.564118074026,1,9.782009366940393,747332.4860463485
1267.358556592812,6,3,13.01434287830015,6848.1208019341675,3,4.32222574428284,477738.5639444814
792.7321684337578,4,4,45.359751535291494,18361.980433591925,2,4.214731005937404,405656.8160821096
4769.984917639999,3,2,33.5366155952917,19103.485323047615,3,4.096824560644979,983531.1441787598
4845.344148835517,2,1,28.022031549021996,7208.108298570775,1,5.684894535743726,879608.3147735337
4137.7880665240755,3,3,5.5494734606740534,7734.074027068043,2,4.965983950818642,877197.2647439839
1870.7619612801682,2,1,22.35277719032127,10607.048915017218,0,8.919231640543131,505910.33993157453
939.5245130287274,1,3,23.017913560096314,18881.295438139798,2,5.549687125511412,362933.86450595263
3579.048619304706,6,2,43.228180476133495,17650.06922970392,1,5.569820543697119,832786.0359119049
2480.686221828206,3,3,27.332411009389425,2948.791289088206,0,2.2453443524850094,544660.049957101
1049.1720568015048,4,2,19.020027448520484,8461.88412215691,2,9.844655868193474,450811.55014200544
2728.2960955007156,4,3,48.840016425532966,11514.052605245664,0,3.2497560178194673,604497.324392163
654.7483450184827,5,2,5.536029666315784,10559.516978479262,0,1.6602766071364239,384104.65965342557
4591.941809354519,2,2,21.12742141559723,4683.39829080096,1,6.968316240776879,869939.5043392985
1664.5099172000762,3,4,2.1012337585702645,17317.51865219494,0,6.358297331411854,582869.0016574374
3481.350279592919,5,2,36.99520603834652,13861.87487693991,3,4.736310885934712,810984.7362396328
1902.6998424023493,3,4,45.90382760995753,16920.259122184267,1,4.799730104926103,535214.7047014987
2840.3060953001486,2,2,14.001866477524471,17316.521307639974,3,8.06557528941788,732558.8011732936
2960.1962570447586,4,1,42.91708383995604,15218.761219649055,0,2.7614137608968417,624537.7197904983
1331.8450498648717,1,2,14.610911523094888,9345.001423744628,3,8.382279870504007,427377.84966708714
4863.130824940514,4,1,45.53850808219576,12600.388345293066,2,6.838724025055163,939121.3726441078
3988.0977051250156,5,1,37.6980951798392,4046.94271627512,0,4.77072796401572,776377.0236987931
4727.745237038851,6,2,40.24533884207193,13799.262932023246,2,5.122257549254818,1020450.3676704307
4526.72307692442,1,1,0.900327780022725,4405.811859046335,3,3.3098248646748623,873702.4144865094
3190.549904649883,5,4,48.1405178537013,14185.04221969298,2,7.769028994272773,749200.6168645986
4648.434057604026,2,3,36.33354960351616,5362.365054325404,0,5.61587268074741,875322.1118659475
898.2162592336377,1,2,15.237554769306666,3233.4747028541797,2,3.8876908847485923,336796.02591313585
1381.9228808861535,5,1,41.46973324294235,4140.4053127161915,3,6.364451041848552,396649.0103828159
703.5228000974213,2,2,14.076059920746498,1037.850569162335,3,9.961610068461907,371829.8184556032
1963.9864884346896,4,4,43.6376919783064,14656.052739217075,3,4.9173605169089845,583493.1876356824
2249.047803602669,6,2,5.6290195205968505,14915.619932109203,0,9.286222607007575,717786.1599761584
1721.0706429825316,2,2,35.184298873039786,10783.73364835193,3,4.105151559321095,491577.8574405316
4229.318791183682,3,1,27.034923832245518,4065.8932200522904,0,1.492594362324873,802572.7617791019
2105.3899701211517,2,4,4.826723509772041,2587.5324127031054,2,2.83817895731586,551072.8934085699
1764.2052935932134,2,3,12.094691412941948,1363.4503623084531,3,4.768256289949158,510453.9073582145
2942.132374212118,6,3,0.6202018138657395,4149.215362339193,2,2.976714357351121,765801.0964999561
1134.1590123864319,3,1,23.438398273225292,17926.255164679787,1,1.0020433439642997,424698.2423528874
4109.886413393178,5,2,15.063263038000018,5589.199992331954,2,9.235013839727745,934475.0147688887
835.4778965589687,5,1,29.91787421488794,7731.155217127098,1,8.59491470107836,350298.3538456413
4940.991214702328,2,1,14.86189038543086,3001.5642051453306,2,7.680630083382524,955721.8955166668
3975.101461834958,3,1,14.995955575349235,5224.864790215235,0,2.5103313608142575,776311.4505094253
1394.2205669037758,3,2,37.15965993658017,10865.266844823896,2,2.0832721858898746,412320.2730516552
524.8495270562108,6,4,2.4071417989176727,12547.300978817399,0,1.6084427452514483,427233.7190577965
4169.576428046754,4,1,45.144749759599364,5661.69396915801,0,7.516262698956291,797776.152379893
3680.858047314277,5,2,42.61319371955907,2096.911025277227,3,9.359271646190967,814653.7392599451
3780.5322561844428,6,4,33.39023416132033,8429.624513420575,0,4.874822388217333,819492.6520753342
3970.7165600867556,1,1,29.661078505369215,5449.864047600348,1,2.0722660479644333,684449.1103427031
833.2009328034067,5,3,44.615124906982615,5171.524541366237,3,5.611535386588959,325999.3883130103
2113.0957784492266,6,4,9.266508976435722,19237.393251555648,3,4.139487167127671,746698.6361866475
1021.4107678630837,5,1,3.9484581095414306,12709.709232588757,2,4.373424319149979,450261.61688172026
4383.965416440171,4,4,11.975508495476905,11580.690420269822,0,6.591975617401365,967150.8550537255
3304.8415707240106,1,4,39.728913935009516,8899.726966943115,0,7.468463019359821,675815.0151876055
1989.0411118369213,4,4,1.7335133363241662,9149.942335172742,1,1.9954323898584476,582888.5109152461
786.0125762871064,1,4,29.140341754174482,11277.195072923536,2,1.3203120772582875,339638.28343674005
1899.4204477204798,2,4,49.77187580956549,14232.166333686038,2,9.948972724171433,523725.75146388065
1963.3249491203617,6,4,42.78480469187697,14340.77582745476,3,3.0945551402399665,601351.0862820062
3783.227802521288,1,1,26.072284452179474,4262.184246403542,3,1.4844747241761316,713730.3224815377
3369.008621098459,4,3,3.182045464332117,10502.142289455913,3,2.70887796186328,834457.7451894649
4492.457341593469,5,2,41.568675719285494,8827.203805647938,1,1.3506206171361779,862440.847043681
2624.967163228772,1,4,29.94892540886053,17540.0123591183,1,4.526298051554545,651637.1426666246
1038.1741067223577,6,2,5.746649852978342,12996.959503149152,3,8.221616060061919,559322.7645139192
3709.6015425034775,1,1,4.69286424116781,11117.577261903654,2,4.071200047819485,749475.9420665782
3923.5327187760386,3,4,45.48134097182962,3192.49820139943,1,4.997650661905299,774083.9497718269
3025.747389062733,5,3,33.46001314690392,12507.119897144818,2,7.080280962106949,743780.6421147144
3969.3523097955244,6,2,41.46433996583777,3226.874207924435,2,5.580046630628922,840493.3823448227
2722.080183639758,6,4,43.94894501411336,7406.924935749289,0,8.753011174191919,656880.6338169058
2852.297732218973,2,1,28.58861760241611,3713.9973314723056,3,8.794321075411808,650787.7811753058
2423.934582613473,4,3,25.872317587752065,14149.39929346301,0,1.0891962594203828,580880.6338523524
614.3860703484283,2,2,21.521370516049508,4918.790162886899,3,8.002416758348794,308835.585330813
985.51142146987,6,2,15.847329389555965,8445.328090572493,3,5.1466024021750645,472777.62842501356
641.4313355903041,5,4,21.729798042935588,18017.820774756794,2,9.899564871732968,458615.2955464268
3363.8468506870117,1,3,38.69398278650782,4882.011284580436,3,5.349088682878916,656476.5308981922
1914.60191484347,1,3,30.09617155075658,10648.296215216804,2,9.882063508494678,519094.4554761752
2788.5681102411627,5,3,44.6261644977423,8966.161562154419,2,7.791124250851629,679374.5150055416
4584.049132667418,6,3,22.169000718959385,1344.356779868865,3,3.237443961519757,961297.13555744
1621.8150311699374,1,1,30.3544789359377,16062.404157883442,2,5.845554813582619,464276.8618902581
2346.723153660334,1,3,31.565377654599438,2311.8722199773947,2,9.929220755307245,527193.7287477141
3899.980123443719,1,2,29.584858115316276,10010.845398562118,2,8.717775469767314,795862.2596234727
1529.591744712301,4,2,35.13168865427582,11652.887603840049,1,1.8763020441209899,436689.27647258237
846.4095942295685,4,1,11.871673418740315,12940.102675677153,2,7.357347971289965,402718.7558152021
1803.8815381119562,3,2,25.618188877289533,14084.000956849635,1,4.1102162728373175,504621.7665408488
1225.4957926430197,2,2,5.211240140417384,5812.175286931587,1,1.062840356923133,377801.66309101915
4683.639435541579,5,3,19.22556638224063,1189.5967565105382,2,4.631328721242996,949223.3339322676
4136.5417080398765,5,2,24.38335343106322,14745.429584743328,2,3.1127897955247414,934312.1946012386
3350.3169042969057,5,1,32.611212977273624,11177.475387603994,1,8.369823434684243,754979.5347207187
4421.5726558447295,3,3,47.526552629310174,16886.236360937728,1,4.035975479611889,874535.71887524
4116.524346046015,4,4,30.032553327417794,16606.378895113194,2,8.447713245584353,943245.5814365143
1339.5652649871613,6,3,37.17969580882799,17023.19718796978,2,1.0053814495131577,503802.85010040103
4516.5154932049,6,1,25.313302974760138,10216.798539611264,3,3.770372350235072,938048.947888565
2927.0400886204284,3,3,31.705201568816566,7338.939520900448,1,3.1704869287698574,637224.6169653056
4133.480698238282,6,3,3.5466108066886717,16039.60584923603,1,3.1021062496174987,976863.7571346606
4532.41084965572,5,1,12.719579042092349,9574.588147555844,3,1.6136795778891644,951920.9225172288
1931.0156373733873,2,3,18.092654660256933,4485.401731665255,1,2.6841184336945156,498825.2045730528
995.2336603745455,1,1,23.624667750325678,17244.506371668012,0,5.999946128970579,355991.413481981
1525.7082314387376,4,1,2.282437275119187,17768.637658674597,1,3.6222496555397004,560804.5436843503
2421.9850488181537,4,4,7.001204877665884,9859.885366663233,3,4.756553040962332,692144.3324877429
4181.066446651219,3,2,13.84071538956529,2438.294818885962,0,4.391801923124697,859150.7655362069
4373.287624653545,4,2,48.576634545052535,8368.695708421694,2,8.883144324999051,865883.5745003973
531.2845873903582,5,3,16.567350355152538,16267.215529789464,3,9.14769099109464,433241.2723793667
2798.3628615990456,6,3,24.102052905604125,18133.706542378346,3,5.436612744902741,795347.9733605934
2378.3495141695057,5,4,9.804885636919646,4865.9821074543215,2,3.9714035528404397,688611.2229023607
1499.485147118286,3,4,30.53900355378841,2272.498628480159,3,1.9612063360212728,407437.2236909687
1039.3941530015727,5,4,14.034160775798716,17669.658609523936,1,9.580625914438855,530152.4110541662
2019.2682713163258,6,1,10.349628921921338,8398.69384059863,2,1.542042504102677,574679.0256753953
4743.093667606337,2,4,25.828631422298955,11293.458321083703,3,3.678852498114524,967525.3616521853
1954.4131940933985,3,4,0.27528995802104106,19393.25042896442,2,3.6825958105300374,648190.988865428
2834.5577978451474,2,3,0.3832016324612664,2264.729830370234,2,3.8836115752619342,687066.5983925648
3663.5853150283,1,4,10.953440455092888,13318.042141589816,2,2.4785815894516836,804445.9391417712
2136.3332107068227,2,1,1.836068125041057,2408.003028922474,0,8.048452878313274,551555.8068715245
4873.019372244323,1,1,5.401287706534569,8133.909640863507,3,2.102480757693903,930030.2756959926
4831.0128272395,1,3,16.94303246693758,16272.476358675489,0,6.7141599323784655,989228.6781094241
1633.0203312141387,2,4,40.12928397899064,9235.972422357054,3,2.114614240352357,456020.675600421
2737.6182765157346,3,4,28.602432168465043,19946.464724156056,1,1.6348207383366091,725942.0124265624
1853.9523941754635,6,1,25.63338629782082,11622.126413985441,1,9.18486553317289,546320.7490101809
1781.7822246986043,5,4,14.674441160406083,7102.080900083116,1,2.7111588968683513,533707.4960135393
665.9912630953976,5,4,46.587685971640816,5182.115192190309,3,8.39125139103734,401222.596130334
3243.0395029095357,6,4,19.850752061859584,7659.890151437075,2,5.901677839964222,799896.9593999906
2762.0556045298767,1,2,4.354638339788575,8078.132201431466,2,1.7007086764789263,611097.201227939
731.6543806249521,1,3,30.853325805890066,2305.5598767552583,0,9.599033722942607,255050.00177045487
1753.9090890647515,3,2,5.69191967383007,8021.90978910869,0,3.2226505029270327,520894.2446029057
4587.196486849942,4,3,17.261157140084606,9820.531875045273,1,8.73680810817346,956274.7063989132
1578.028508001376,2,1,25.370596935890443,14732.017292537288,0,2.5192900520610775,427668.6272969705
1152.0269244105039,1,4,43.71112623425879,13477.860209710552,3,8.685485939276676,400886.08050238335
2702.5374212490337,5,3,24.677329017005935,14466.547449353931,3,1.1190593161476459,729684.3006509397
4935.427043497703,3,2,35.11293830158321,1158.9099556602848,0,5.606024109125326,882639.1969987842
1589.2487218017518,2,4,49.64084194995352,5135.680592030185,0,7.924983214794011,412714.3949867422
3524.6099633264535,3,1,6.574455994899081,13572.001479597273,0,9.41315965743505,782044.064726786
3927.288268979229,2,3,13.736576275975976,10195.797995415196,0,9.182819225858383,888991.9946748443
1569.3689479657985,2,3,19.72880377988232,1100.956037698573,1,8.376623825928803,433543.7874601678
3776.973568753368,6,3,21.09140892694157,16285.398206204625,1,8.993722146951736,925934.0889226112
2155.0240972366396,1,4,20.551053763277288,15683.38189251641,0,2.7929771725336883,587628.3895612027
3345.3762376711074,3,2,45.380550127827746,11419.96409687769,3,3.5576586614055588,694199.9937003226
3350.883698424026,3,2,35.70163222334282,2262.80318974917,1,3.6007167242895264,693894.5367458842
2910.9860783364134,6,3,30.395260704535186,15563.785941119108,3,4.3934853790152895,762414.3234593044
906.3039652448374,5,1,15.468635893139105,12090.558166895915,2,4.539886033466699,436594.5076786856
4258.861230151571,5,1,41.189519211064734,15857.239566001224,3,5.900997921892079,898787.7007368867
1943.5102923728114,1,2,47.75302557424945,15283.192855520969,0,2.4389178702979724,407510.3174336228
1339.333296799344,1,1,41.05991412751133,16257.039367198906,2,7.221219974073904,399463.3499820553
683.4881369964376,4,2,0.07825525957364521,10842.153261687872,1,2.5080988537405586,401916.0386271312
3159.018244347088,6,3,31.82006850917035,3666.165845676785,1,3.7927763389409277,696189.5957102863
3549.0396282902707,5,2,2.5567690721050362,13751.991994214084,2,5.530106175455386,867511.7305695036
574.6452301753527,2,2,12.880361016686093,12789.001915987441,3,8.167965053711296,389236.0765721625
2804.418762346764,3,3,2.9762350173885843,15102.810556782657,1,7.655223099148546,755502.8916128257
1519.2309883907208,1,1,30.189772647469386,4227.739114963971,0,6.8098092076947,349788.5445412817
3403.2775568425245,3,2,34.32949567463034,4704.528798105495,2,2.4019593452215315,675414.568861064
1284.6489305224613,3,2,5.724381903295256,17917.78082716724,0,5.9234081105401994,529419.4069630114
3609.2198214610967,4,3,19.191944152248976,15249.578170589346,2,1.7870185161989691,804243.426952551
2240.309058352418,5,1,22.8118254477771,18256.341285306135,1,4.396268591169857,627501.7857515165
4715.284949315305,1,2,18.45265108804583,15415.591102114493,3,4.721648772609632,921779.7021209458
1118.8442486569697,3,3,6.0512500242596525,12345.950813815736,2,1.3583029550117844,475541.6989910493
2034.7985797261633,1,2,20.94738950937377,13428.522003529599,2,3.4658928952297465,517654.61018980696
1010.6308455826509,2,4,37.558902390420904,17893.430554860188,0,9.600845205398404,417511.6825532375
4661.121282253533,4,3,3.550383226662773,11997.32833572687,1,9.582693470467206,1090345.381108227
4448.027090214415,2,1,4.009000704095173,13015.43516223936,0,4.1709434882728535,888248.5018618051
1660.7373247182002,1,1,17.73856459179921,3973.057604068411,1,1.3879009805349165,420409.78072831896
3469.9282071538055,1,1,47.08628558094625,10004.503182205952,0,2.611854453953634,616583.8098038124
4177.499900905472,5,1,33.428632336145704,14611.54512720388,2,4.529960140901862,885804.9976523601
2998.4036521975804,3,2,33.93349783362824,6147.911268010943,0,9.530017281723069,703046.7000434627
2883.4276026020293,3,2,18.09599954189325,4842.829429966163,3,2.270791571834664,648668.4387702885
1588.3353090520325,2,1,29.68303956042692,6962.709356263896,1,7.8716425930139104,390568.54889743513
918.9624551265465,4,1,0.5065592013871689,5588.511931863835,1,1.9781428543722286,385302.8995599142
4537.470910789971,6,1,31.80480232047711,5083.340103691521,2,9.831318196521492,943129.5869752663
4551.881257234987,3,2,45.66434737881184,9072.166014493652,1,4.4345484919822145,866328.9831946809
3348.9565577297058,5,1,30.62867341724096,18248.931763787146,3,7.9771108500915044,814544.3940278118
2025.6340597191531,2,1,43.68492967331725,10634.133288035648,0,4.083319745300186,489373.40710201295
2071.443085756974,2,4,36.19865277330469,4570.487235491138,2,6.649019894429278,525551.4097432576
3766.800554916077,6,4,6.027920820184512,2462.4617182366073,3,2.728144762660331,867417.9814470109
4536.9961697865965,5,1,45.12266536429209,14226.96675762058,1,2.3141891736726627,900500.8104363487
4491.888909193028,4,3,3.322192217788744,8273.176524291368,1,9.442577256113182,974725.1243620587
4009.4399563593074,5,1,26.69837362738819,16614.787985121824,3,9.258825501139901,917433.0367803694
3389.142407694295,4,4,7.106856189672883,13530.704604174634,0,8.98722046191594,828538.4598939149
878.6298424777198,5,3,0.5853305365452033,16128.587560286001,0,6.628901051499341,531553.6288216148
1227.329213425762,5,3,21.10171300638195,6166.974748950526,2,8.274413900946504,465275.206947021
4543.493848371856,1,1,14.752035382707811,14154.819526760104,1,1.621332432202374,889652.0533250578
3228.930768468155,2,4,24.30002468988015,6017.177709180657,3,4.013101377016112,709421.3728839143
541.3867322748334,5,4,28.85999433672754,18842.30110955554,0,3.823328122814406,373647.90387816384
956.6219428971444,6,3,2.1869536154473677,13091.111349134113,2,6.720807897573519,527131.9664952053
3485.757960986251,5,1,6.150164756187282,7165.7242033315,1,4.2036199612357645,800423.9222001135
522.7771273079841,3,2,27.93211982252127,6120.72538355318,1,2.336561034793127,276011.2921979769
1223.636231378744,2,2,17.158367658632912,4627.6051163612265,2,6.368203678721893,341763.36027414247
2969.3020521496373,3,4,36.4586743774724,14198.178218980827,2,8.329455286021734,700419.2123191319
3613.5283896171195,2,2,32.614582429596986,5155.596646960618,0,4.439111450139759,713924.7284493136
3433.8256677617023,3,4,42.28021814949534,12310.762052622293,3,2.1904184358863352,734547.1770556321
1509.211892572519,5,4,34.62464133346126,6028.06551158179,1,2.7701937758154074,475182.6786621435
3704.8064960639113,5,4,21.496553869507405,13577.409951083504,3,3.137349746524456,861141.1712540359
1567.6208937356002,1,2,33.64833111972162,16483.854842270244,1,3.699078336950826,443393.1597601709
1964.2986417167047,6,4,13.769058712770926,15782.47961974841,1,6.785155634556782,688570.2470234012
3859.211323031109,3,3,15.315674938910634,15456.175287684853,3,6.408509360839471,907211.969942914
3423.348045712466,4,1,39.44925799603966,4566.72570815279,2,7.264718754103352,729412.0494231433
4321.5053472238005,1,1,22.32097582007911,2679.3139927058555,0,4.2625178607836185,804571.0126088498
3459.258015351545,3,4,39.919017025917626,14280.027741260326,1,8.415978866919804,759049.2186596176
3057.3887150096225,3,1,41.12111868341392,7998.597062092675,2,2.8367889504018424,609769.5613240609
921.5364552264161,1,2,42.87811688306419,9214.578301663598,1,5.221366727663385,302604.8310705449
2154.721113767451,5,2,45.83176179206036,1591.8327630744302,0,8.208448493872872,533150.4452024831
1693.4106545677646,3,1,21.549261025664812,5931.952536225935,1,2.621427829593573,425193.1188914941
1597.9533952058762,5,2,15.943340916056941,1639.8516736148163,0,1.9887680236670464,441071.7046286652
4878.547496386005,1,1,29.109937329705694,17704.529679423704,0,8.953155709191908,928806.4069429573
2268.9397610004216,5,1,18.558621171881377,5624.536981152079,1,4.086366964832763,544676.3422553457
4514.20949829701,2,1,30.05370834001165,11589.406221887153,1,7.154831124181288,850316.971151389
3340.123816987683,4,4,35.27929313219123,1740.6070925614779,0,1.2281374383754464,660357.8560378515
4076.650865937418,3,1,34.42025092460684,13670.100434807504,2,7.210421995685047,836177.770717749
2761.8669189733646,6,4,18.727644351006067,7137.519569327784,3,3.844911803922735,747153.6363269242
3096.067480818616,4,1,8.34301008493764,18060.46455219565,0,1.5016676822869757,749204.2197581778
2716.3296221848877,5,1,21.526466923110377,17874.24558974668,1,6.488314853933053,701038.0666343974
1378.5934450912002,3,1,7.129707204095437,7180.521748873208,1,3.167234344658559,419588.6404975304
3751.034518676774,5,2,44.504851759190416,18118.25701811889,2,4.48126517846692,839116.3151690895
1763.475630983851,2,4,17.29387303689287,19926.995796476796,3,1.7252273105786222,538274.4229660805
609.4218489415423,1,4,7.722987361166189,16682.89761835501,0,2.324469259854508,370192.9476516084
3404.625331582255,3,1,1.2723879952875439,17052.55560734935,0,3.6817951194625937,812528.4829611083
1296.9980573317202,2,1,32.29111931432421,5731.165986072709,3,1.8078355050414143,340150.8646729195
4732.063629588114,2,2,31.84511587273716,11957.34557829737,0,9.197436382176837,913924.4993081383
4792.678596511643,3,2,17.030208329064582,2277.862365379989,3,1.0544233886558056,946369.0460856997
4616.889755992019,5,2,3.5855944423825505,2803.4407996117243,1,5.354741969778803,963692.1565411923
2165.7141511494997,6,4,20.4814447447616,19978.95962863252,3,2.109227123192963,716100.0758610616
569.5547743799034,2,4,15.56087475316968,7206.145739092308,0,3.7691118053015367,307341.64649659983
4677.433531644764,4,4,33.856031986750466,15215.494328928082,3,9.334536038364389,1057779.2653792815
2426.8286674279143,2,1,30.288962472634516,16326.636007509513,2,2.4552509794658817,582157.4026688249
4849.946685696513,6,4,18.229686409877,17302.442149137354,1,9.692490877464994,1126960.4106061182
4836.289896901638,5,3,10.894627712749505,19954.937650640975,1,2.8521493929047956,1084015.7951021474
4338.54254960312,5,3,49.40179830777959,5588.433219880489,3,7.6740949762014665,882188.1520787644
1825.0200143131356,4,2,22.700081059805743,1766.6657103342945,0,5.920095384075806,467521.86276095867
2232.9397787086637,2,4,34.413711789011856,8812.638841897133,2,8.960308548370833,590363.1929708152
4330.115021825856,5,3,7.027648378918039,3471.532726749992,1,5.985939299528178,940277.5732361056
1926.1490232032495,6,2,24.27948498296989,1426.0918940790473,1,5.811032972406778,512996.7876907413
1262.7173600874162,3,4,1.3768359934732743,7848.109715688236,0,2.759122003315599,497152.1791136807
3005.6056810625755,1,1,25.272755895522497,15891.026770429493,0,2.4960642584649286,646792.2328587555
4712.696483723515,1,3,48.200870355885115,11757.433133276347,2,9.248402360039627,901284.435790237
3632.1340850373786,1,1,19.210335649290013,6942.781794996727,3,3.9505437896503066,720396.0497442626
3065.2752654021424,2,4,1.9498006287455794,13432.498104361674,0,4.348740294666063,748771.3976985704
937.2942219684585,4,3,1.5477895459671764,5408.345425867404,3,7.838412925855495,469082.7479450974
3267.532520146264,5,4,19.399337997343473,1273.2474753696156,2,4.049411341805266,717284.4813997261
4955.242325469185,3,1,8.001246823159702,15522.71434229212,3,9.568562019751024,1099987.2311739891
1130.3780685643583,6,3,1.1676048164092956,12851.118612416172,1,7.641349920989203,528886.1571355236
2832.483435636815,3,1,37.81068069750884,15483.749865518239,3,6.37686318316078,663516.1065341244
4448.178823675799,6,4,22.926150444094535,1739.8223170656465,2,8.928056444902772,975411.2541286058
3833.45877989392,2,4,14.462238598632727,16905.27292878239,2,1.4464531751453449,897789.9746802383
3636.570834478706,1,1,45.00415915082404,12770.997800689764,2,3.3135642297028784,689137.6402019872
3661.1783779419916,2,3,5.8069480100262805,11704.511663540163,3,5.18532700798819,868782.1999159604
2117.710180488898,4,1,47.79594144776596,12867.6669141761,1,3.0428068552436893,514751.5624141241
1821.1632991902202,4,4,15.698335868867641,17424.231690498917,0,7.695146685719368,588137.0177777702
4142.125199653312,6,1,44.42018361543406,12151.793624619235,1,9.272872279483526,887295.8915996986
4145.510276056313,5,4,30.147143823973078,12038.057217875406,3,4.81393107937831,933422.020812471
4401.8254336104665,5,1,41.33536798707437,19822.90398424955,3,4.079193401007054,920432.1562956197
4609.58248650412,6,3,49.20065816052321,15377.873174302791,0,9.653956589238096,990349.6608617209
2801.04079487422,4,3,14.420271890937286,9403.582303571571,3,5.003671895447868,718793.9014413527
2756.823326092398,4,1,48.05677427037965,14440.543000625627,2,5.401435604043549,642748.277505617
4092.3283053504883,4,1,19.47409474512102,8395.378962143981,2,4.164848851077148,856569.2509704031
3424.8376884999434,2,3,19.275595236846115,5348.633787186481,2,9.185936257109246,739825.2550824966
3658.850947659665,4,4,17.019355212725284,12340.18566086743,2,6.120599349536657,882459.536621326
4081.067012462455,3,3,27.07038036737926,18635.459864165077,2,7.859571284634802,903006.4812735374
4505.024038179048,1,4,7.707252158924355,18653.650880293793,3,8.306260465157976,943145.2476806019
2020.978205831911,4,1,27.68557426790056,7496.200284004316,0,4.076641377255323,503212.8496043681
2190.123286879748,6,1,27.0852406205002,11025.871858212204,0,4.90324898188342,577912.1414467602
922.9187292839106,1,4,38.0950906302435,5021.082072827363,2,8.636245969656382,338176.87843245093
3102.2606344827827,2,1,41.68249809687928,19916.991080478787,3,4.269298165082292,727882.9799252586
661.7402320853394,6,4,22.022067515621202,19641.24024949078,1,8.145416201066663,524704.9758973069
2595.1910815960705,1,2,15.116662467574688,13340.669664441499,1,9.468930903169934,629790.8816978815
2941.9008561840947,6,3,12.966744865854723,16283.867133871994,3,6.608893357612063,808285.1377284039
1789.4356345772799,2,2,9.731191835243596,14586.9030643903,2,7.674645587067,561954.3704117497
3158.7496725605483,3,4,2.882379109951244,12270.006161749896,0,8.245875808370215,783222.5906774532
637.2511247257224,2,3,17.122398941735668,2013.6119427890562,3,8.605356840069783,337273.2451866201
668.0668493714649,2,4,13.512384606539163,9640.52250850056,1,4.5554800407111635,340948.05569416296
4201.702522968462,6,3,48.32086929332037,13820.9397411808,1,1.4613711325839835,890039.0425479076
2120.8578863506827,5,3,27.885441312502195,13873.100663790008,1,4.616886441130656,593568.2528063318
1071.7723069334816,4,3,17.363851951525376,8089.329750025288,2,7.063806068056808,470488.88954801124
2850.0946702466194,4,3,29.0233800496848,18892.147746502582,1,5.053153472027135,712394.3927152196
3964.9709889437486,3,4,6.959835067284775,4179.783612498839,3,7.740668357743587,903650.2887729043
1471.1946237357943,3,3,22.202187460110146,10506.829478095651,3,4.212841865217975,459577.8296930066
3303.007141185501,4,3,31.31171607105319,14126.795554465632,1,6.712697269936266,787648.580289942
884.063592471956,5,2,24.444891589622568,14245.580311944375,3,2.677778243685771,409008.86708433495
732.5677452587347,4,1,20.088940032716213,13324.140178607495,1,7.744324929804613,385273.14340492856
2891.095842056666,5,1,49.69241944498491,6230.476055585343,1,5.911263719317232,640452.2557600025
2932.858047245479,3,2,44.01573810744635,3967.9248050458173,0,2.836579496919405,571920.0944106198
3368.4345567419296,1,2,31.170297907972007,13082.866209707507,2,3.627200561480265,675891.5833363656
3767.411001751977,6,4,28.46886805911414,12386.740206649318,2,7.737478377236491,918731.2572067158
4891.334357581406,3,4,31.033023991229204,4407.764195495578,0,5.343411120953686,923570.354257268
2823.351567355379,3,4,10.065605391121663,14397.643765840703,0,2.94428296353765,701996.2459840107
1953.3041282356069,2,2,19.75688716321593,9648.267842939471,2,9.70544071333268,545559.6408801845
4078.3378764591666,2,2,1.972976644544966,13687.451240459906,1,7.4361251783519915,920636.1309959986
1718.745130679334,2,3,23.777301874341333,16909.974515632864,1,9.614213492858166,538409.1729716619
2475.3713931753628,6,4,27.151229197883158,4224.840142961541,2,4.843945408243089,662804.3285334636
853.0537160401968,2,4,11.38748680516048,1363.752491939897,1,5.275903066225484,363131.61945899256
614.0783453695587,5,4,48.201442358275685,15802.949141519948,0,9.081596945665172,381139.03545826796
4831.917866050663,4,1,45.4727305468621,12584.251077899702,1,5.725444062208462,943101.298511074
4261.910542304926,1,3,36.107161772795294,14293.151822820313,1,7.365510207151004,871936.2388712637
3631.8839274216407,3,4,26.66933143826813,16924.94452478421,3,3.2695558974597696,835861.6853425696
2340.288249864215,5,4,43.498457982384245,16253.407761665509,3,5.020538218323765,594915.838736541
1279.824440318806,1,4,6.532617191173146,19257.482791647668,3,2.1110487922931958,479392.54771346954
1203.9666920198872,5,1,39.52548971374425,11182.766498190245,1,2.853820322892655,420900.5986976151
1626.093041740679,5,1,6.241040698342415,10281.417020538202,2,1.0084907374086798,522206.1180261984
2971.519991177542,3,2,39.71053312747027,8635.856797923872,0,1.3533854648379422,599470.5383169418
3715.6816521502806,4,3,13.788378412567848,3920.1298140398862,1,9.795554408592364,856689.6119746318
3470.8881952297907,2,2,43.85452905090945,11879.537424758426,2,3.181183256230861,696201.2762629981
1759.7025362567429,6,3,47.202104691269895,6263.237962193597,1,6.969796385536018,468865.6786796367
4796.893762984373,4,1,7.439798470255782,18504.842732046534,0,8.551897289196503,1004832.1263931926
3820.536125130958,6,4,23.133780253269677,12080.625281264854,1,5.955944133129078,915368.6657514123
2994.593236301303,3,2,49.049368908134255,12263.963429654093,0,2.3783005007556057,612963.7484490809
3252.7433580545853,3,4,24.17037179865733,7743.56855666319,1,7.553047936025497,775146.9721509009
2388.2002809250544,3,2,43.17737612572726,1987.7976875764423,0,6.402262690896247,489160.21810358355
1614.7894527552087,1,1,29.436576106565994,1603.1315420867836,1,7.581255304126376,368077.1846911392
2101.877053930677,6,1,18.766495395980094,9043.367738910752,0,7.927719605713785,579913.9425595637
3910.307497089661,4,1,14.28917777629351,2606.7421838475193,3,9.778693309162707,834483.0629223041
564.7706988339014,4,2,10.161154554304364,12530.092155262644,1,6.16206952024039,340016.02606891916
1022.3268822811231,5,3,38.08990956888486,17738.48710715349,1,4.074770014215416,433521.80553023267
707.0118890978874,5,2,19.327025341151394,17775.381513855722,2,6.836181012102133,439418.16803677153
683.2796104353656,5,3,25.56377311003756,13521.862792512415,2,1.6159663831836353,389326.92437439633
4349.572628049533,3,2,24.616274000059096,5013.40479798569,0,9.076575864894277,906644.3147963677
3666.4603672101066,4,2,28.863951461656562,17396.93979581857,1,2.074429102043771,846267.6881910543
2633.7822308929635,6,1,43.27885728122761,17835.775270950955,0,3.950585540972364,637423.4347118842
940.2537229295067,3,4,49.03696717917147,4736.418114106215,3,8.341708425635087,317476.02288673766
2712.2714380257457,1,4,20.379210428690847,15011.095629642869,2,6.375811404976407,671032.8229609454
2630.6229685125454,5,3,41.37594610531515,6443.871429615336,0,4.542719682496979,619304.7113902253
1279.4084145950683,3,4,38.22638973273588,16250.165934705663,0,5.260920934375193,425804.23560153606
2452.332421570879,3,2,28.676447572778663,19947.52009816845,2,8.690926538819623,647469.6885965004
2293.2713047881807,1,2,47.80235718059666,1570.4941012584636,1,4.060039474539029,468189.74862227193
3271.3254412349743,2,1,10.02372577642014,18049.951450027707,0,8.826847163309541,754884.3262761862
3357.921428904397,4,1,5.46321051548107,12829.980138374503,2,1.7932098787902233,794122.7471044357
703.8680439742003,6,4,42.69809834777111,19494.2697641316,1,7.991185934877676,429005.1744385453
2185.7567658191206,2,3,21.957490831687416,9835.180833002125,3,8.627928697492628,590125.2716874711
3316.369620714064,5,4,42.34844271035303,17100.370680856104,2,2.6363588755360485,784715.438395674
2764.1131636103946,3,4,44.654510259770746,2185.4873033672675,0,4.873118791349804,567093.5197195372
4354.20428534745,1,4,3.122879680953572,7370.301951487619,3,2.4894979719729005,929289.8912879467
3464.1213422852525,1,4,44.17323814930303,2273.3142172729895,1,7.35943716094796,641657.9417426263
1233.2049218664336,4,2,22.415952768471108,19531.51953610234,1,5.818129912554911,492898.2164965349
817.5593633019344,2,3,25.52162445021161,16522.504238164896,2,6.717910120374889,385690.2942777559
3390.8867519284204,4,2,31.329625554660513,17198.40100367344,2,2.7683827026059005,784104.1698520562
619.3008974372982,3,3,46.31913033650434,18821.33939724399,2,2.9057127584717755,327060.60207679775
3135.990115730585,4,1,0.9558047214882015,2616.966236275922,1,1.3734759295891572,710782.9799843155
4731.0360864123095,6,4,23.842173415890855,8326.354257753334,3,3.8986078167615674,1014301.8245375962
3089.633800441455,1,2,34.38610212152803,2349.66289183604,1,6.037701952003075,619760.7538758641
2246.7646679293484,1,3,36.135347884911425,5005.068929450544,0,8.721414225975959,497800.3663032235
3394.796982990589,5,1,34.6266215768554,5357.949763715775,1,7.002347027128127,700197.7376687945
2562.138007211825,5,1,6.721756470406093,9913.037009903996,0,4.918566910597763,673639.5168615268
2955.275551921707,3,4,14.96977941858406,6102.681181619209,3,9.57808102954724,737778.590136567
4736.591639494363,6,3,17.935776270850674,2918.584029537461,2,7.473206805182487,977419.389033262
2237.461870103484,2,2,40.22186038397525,4182.330692788046,2,9.37148682576295,519594.00901550456
4825.357537207614,4,4,13.937993620727651,3798.2357074897277,1,5.748291759449491,1013792.1949799368
4574.077888802287,3,2,10.535248193360157,19488.459160333667,2,3.3301384731382564,1014776.8899081849
1381.060106551834,5,1,47.87240095190481,15426.557631450998,3,1.4754401772824979,433357.1654706377
812.1258539382445,4,2,0.443164255673445,19387.467840121677,2,7.534763663354655,488450.0682032862
953.5010061984199,5,2,49.89104278409891,9355.069243650261,1,2.0917269820498072,341487.77334592375
581.9982154319738,4,4,33.84106494286978,6289.001151590475,3,3.7249761544477047,369483.5415906745
924.9933234016778,2,2,41.423464972455854,16167.570746974547,0,5.792238170955077,319491.3415075217
3573.5304803736058,3,4,14.730969817309658,7198.824442781789,1,6.0797492900177295,793667.3120413284
820.3489180710304,4,1,0.7157638833529989,6688.284100401617,0,6.4052487728842245,365394.06812138174
1935.3903363219258,6,4,36.893475928076505,5417.613851948792,3,2.4962979731473056,537108.1472553586
4301.938899362545,1,4,41.70722985003379,3463.9005862604718,1,4.417636643394839,796239.8049736324
604.7237108112164,6,3,37.02380659767596,5872.798159318553,1,6.5547480440527,385824.6410787386
4165.10817165021,6,2,7.142514365041929,7751.075221003866,3,9.728369781704062,973908.7328606861
1768.3464864802997,1,1,37.671396112848456,13805.889954768878,2,7.548680239297198,434044.0992858157
1031.7417242974532,6,4,38.44613910538205,2188.73200216958,1,9.30343381384562,429067.0035585713
3635.317244138678,4,1,32.92702578350274,4999.6318536415165,1,7.859908524827594,760523.600521595
3330.2428105094777,4,3,38.30579663977931,16371.449165541851,0,6.325452720031604,758282.074975999
4448.624060871738,4,2,42.296071983886605,3791.5165480916444,2,2.728210322227101,873370.8061536647
3807.819697117486,1,4,30.680205711872922,7510.257783927909,0,7.000170867032617,746117.4485129294
4115.6641867318185,6,2,4.430235698483953,17428.519515304662,0,6.610416093639164,972944.4419272768
1769.1555765708792,1,3,24.381390483360544,3943.5809117254103,2,6.422222534115398,459359.33084497415
1298.4779470087528,4,3,3.8824667335802534,2571.999876745608,2,5.408072811894167,479766.39707970776
3877.7663823838625,6,1,20.37715155162154,10206.221906520206,3,5.75790943590348,886675.872812418
4130.756326702688,6,4,20.35532445628138,6745.970714292192,2,4.0099827440629365,907114.1689374731
4957.273139003029,5,1,3.300492207012079,11704.758925193228,1,5.673814233780728,1095643.0803154265
2356.7795461014193,5,3,17.441026698473966,16272.292919186028,2,2.7780031511063044,674166.9605688046
2174.0813860675244,2,2,5.549904939565742,3605.82127490212,3,8.246569576243392,576479.7026584179
3993.858323338986,3,1,40.41176050046111,12033.282606531415,3,2.6719925922883703,809116.8253574842
2033.6159311385802,5,1,47.38440129822354,10604.666447407415,3,1.7646966090051976,504390.2951034124
4688.407965216042,1,2,3.6158237628969303,3737.4969342507916,2,4.926214237214417,910486.6315313539
4362.857383293553,5,1,47.75576036458507,12855.971225050665,2,6.924766955554556,879276.972914823
2430.4731231875826,2,2,26.12882996683726,6199.167939354661,0,4.939451424401872,546317.4201927303
3878.9198050617383,6,4,14.978283897693695,10268.852052336237,0,3.4907871875617773,895159.146192252
3895.4429333810704,2,2,3.8431037638081755,2563.174161264176,1,6.023540655013966,804938.1771070283
964.0574097616968,6,4,25.03121340352089,9732.097087058837,0,4.1230210187097995,422891.0282563439
4561.48808005805,6,2,39.72577722453743,6822.805892813586,1,9.395809211139698,929286.404399275
2773.635676015357,3,3,35.354323863334905,16625.243012521732,3,9.303806256432148,682679.1364832672
4219.058597484837,5,3,2.511300573198688,2082.5958129499973,0,5.521346379748859,896645.2978532983
1940.2232046377528,1,4,3.645091768395176,8953.538223448268,2,3.950955946164327,496795.28313297266
4529.854528232902,1,4,20.143664131631855,9710.197058497322,0,7.634191725609751,899770.7907784504
2251.4075543037343,4,3,14.764524702397164,14775.115449683255,1,1.3304164913475998,613024.9380066615
548.7694316613427,6,4,11.619216152802391,11911.463926714008,0,5.272921054392861,428017.1266216324
4574.218893886687,1,2,14.05022494543568,13677.03440668944,3,4.026910548433001,927444.2634564296
910.790045537601,3,2,40.17413716484423,15763.936427383367,2,9.284822965922992,416655.6248371049
1936.9113691568668,6,3,46.461402681592695,17381.856499505586,1,1.1080272454541429,616949.5224306255
4775.278851728622,3,1,20.255134726378323,6963.63443772694,2,5.975333881465142,958227.1801655098
4777.732161219003,1,2,45.30555010662486,11222.431401914157,2,7.6659722295996335,881428.5903396679
3080.4704965547876,1,4,16.0747850623941,16962.0534903448,1,5.365161887716371,721689.266254538
3343.267454764097,4,1,23.82184931718958,19799.57148833607,2,1.7686272714644948,794060.6742263524
2518.004848902439,1,1,11.301449890799987,17900.8669098315,2,9.75215251025112,614696.0307627224
1819.4484726412904,6,2,32.0238021087922,8057.877989863159,0,5.662093882384881,521165.4675165798
1978.9904541646217,6,2,48.94905575874044,4708.163827154358,2,6.527676198871102,520366.5980364625
3526.333052346673,6,1,30.17465480216893,10298.458210725186,2,3.129488044367566,802423.009219503
3885.68538246956,4,1,17.890704205677444,15091.187584884803,2,5.351482765961235,876562.077636125
4062.1056967663185,4,3,32.39087229952642,10358.812344312653,2,4.862345427624897,850748.6879677221
4053.2816425754927,1,4,6.146033923269378,10180.436402959702,1,1.6740625780178537,836685.2202105693
910.4274637191066,2,3,44.432954013269935,16926.37800055421,3,1.9554431819272051,366009.40254038735
2724.8913711616165,2,2,25.154197538991816,7866.671802276541,0,8.537252676568972,594466.519872111
759.0144200748992,4,3,22.467487101982105,17336.098821421267,2,3.1583795698593122,440511.9494591592
2972.87997045681,1,3,29.29323942267596,8729.291218082748,2,2.7546244434876748,641948.5996998266
2486.8872561801963,2,3,31.239193139470125,7236.429007888449,1,5.544203061251253,572888.0534576846
4494.668822412349,1,3,3.5887903113256514,9625.808312794281,3,7.918724182262617,957564.217180104
2079.1175564843543,1,4,34.13086106117012,15486.4922148225,2,1.5575186672108914,519488.1534216639
1026.8015739242264,1,4,12.096584015776479,3394.0385294158914,1,6.1912712767443026,355227.78864412964
1143.4625692377613,5,1,35.69763162532949,4731.96510156833,0,2.0728939855651602,340653.9732478982
3926.7978427286253,6,2,41.12673971920984,19077.451687598747,0,1.3281494574305661,868793.5365412176
3281.981284923175,1,3,40.197925377626014,4334.34092024579,2,1.4746955694599566,629966.8240459259
955.052042552556,5,1,27.625048370394456,11786.819040690038,2,8.507476973875972,416024.90052107035
878.4806275174885,4,1,26.008494615537558,12006.97486657682,3,2.061752352652554,390090.37585884816
3654.36109156604,2,1,7.143798066970586,10302.86477895465,3,1.4063622797106277,773933.7744475681
827.4335286388709,6,4,38.76730752015678,13250.159722959554,2,4.94109898428621,423670.49287996255
4198.3702668066035,2,3,13.570469022335718,5366.70779015475,1,8.595941247478223,872514.6773504544
3678.090022204233,6,3,24.834771140897328,11500.583087758216,3,3.361675388403717,851094.6631971932
866.069512888549,2,2,14.213704646375835,8071.291849691046,2,4.795413557733248,322072.06967893813
881.7697133833636,6,3,6.691418149984657,13571.677932954592,3,1.359302793073761,488435.4328263717
4939.87810325529,2,3,31.47788484458683,3683.24732408984,2,5.041706627213883,913502.4396814208
2184.2185809025414,2,1,2.7166017411451913,11846.67091995005,0,6.198517725734203,562342.439828115
2167.8896618010094,2,2,37.43226170631,4520.136752283151,2,6.138163483769303,474275.7686749047
4157.598052658761,2,3,15.879339763055834,6294.218199185691,0,3.9918402295692865,852489.9633105288
4762.618598227365,4,4,0.006734650224266003,5155.486206148082,3,3.8397986259682195,1016125.8897156748
4937.004787202919,1,3,25.55645696186149,4473.917817507525,2,1.959612570429381,897965.4685329832
3890.2018336652372,3,1,2.3425954263801563,16688.508079652674,3,4.301184885816415,896351.2143760354
2193.1681348891207,5,4,13.808477891044973,6428.443785556917,0,1.8954520198566818,575445.4575118925
875.7532251440094,3,1,35.348824372785806,18615.35185542454,2,7.899363502408464,359227.9163502207
3997.1611216734655,3,3,3.134481081093293,19428.603981558626,3,9.696468679733673,981549.6261091629
3012.8191238111226,6,4,41.96692461780012,11853.94892880485,0,9.730670110000363,747013.161920851
2408.9990416113933,1,2,0.1909961329291554,3717.0213306488017,3,8.785639894378544,585451.2679631042
4578.594732926312,6,2,12.341193460095113,8116.416624212044,1,6.407129344056572,1006792.0163190461
1000.388670377681,1,4,37.04520280760357,16156.913003616066,0,7.307791275194919,357052.98315334006
2716.8129693088663,1,4,15.813507486465339,7980.423845244339,0,3.5668522241237266,608141.0647792612
551.0914014533859,2,1,5.094619403300676,2653.327147752986,0,6.676933781553585,256203.16669848913
2608.9728889735684,4,4,18.011695940021394,11578.91330763557,2,5.100845944958897,704790.0814539613
753.3647405682681,2,1,13.519664319226276,17057.296178424658,2,5.338156057992393,399584.1674832084
1034.6806232063236,4,3,42.13559510802774,16122.601355726545,2,7.819989043376421,398423.05667376553
1028.868110496972,6,1,15.667395879257157,4327.339662476712,1,3.537265200375265,409571.6029053043
3421.446359522286,4,4,39.446623588800364,13782.527673836867,1,3.8623565052506788,789679.8964839069
3857.201956694405,6,4,44.593607240536734,5189.581005277295,0,9.321776120157729,833520.3097041469
3125.1594429372185,3,3,21.690870978826478,5145.943156491272,1,1.5060186536587503,651031.1360477622
4829.776468135438,3,4,45.4971571927196,17607.363692798517,3,5.370708685720063,1006781.7882700175
2186.9176078566684,4,4,18.865902698159644,5743.710102064373,0,9.215207203670756,625133.4923783987
1785.7043882683734,4,2,48.20392082450541,6001.699583842213,0,6.493267070363413,461733.09341518267
4408.696076852571,6,2,4.464476226278647,1012.4144244646916,3,5.9176636679091885,974344.0362954944
1506.1812733375368,2,3,34.350963325162134,17542.711648384837,0,3.247697613064197,448135.5854097242
4834.501427482751,6,1,24.690702022846434,16059.30145097356,1,4.089479401580034,1003557.4632318018
554.6951361041736,2,2,19.382440272782354,12919.249766722882,2,8.668435742242236,359682.71642176574
4864.454720184375,3,1,31.635593937430045,15255.049514838003,3,6.032963185916123,994036.219923617
694.2196037775925,1,4,35.19285458171656,3888.922781065344,1,5.6326797438110185,248594.07765448224
4510.14401164132,4,2,0.21816348251545437,9708.148297163933,3,1.8962174218602603,981396.6979332179
2874.6549908883494,2,3,8.347654437359935,7673.168359626837,3,1.144253408096108,686646.5261075429
4968.341582536851,6,3,35.65230253171593,2781.753998883313,0,9.673166698183442,1018863.5112439396
832.0845413092949,3,3,33.31927067891032,10236.479219083558,0,4.392875505581575,334821.1210793549
2992.3442798059436,2,2,48.30237525643386,18494.053356510074,1,6.428917558895539,639710.394552129
4861.861410285946,6,1,38.05188951253915,1761.123261963195,3,1.7174356586855648,925525.9035237764
2853.9402987656695,4,4,47.5386353865669,6537.757356382083,0,7.148028571507419,621297.706512045
3332.2938716086815,4,1,35.127025076740345,4943.277787908366,0,9.393100378353648,695250.708116832
3630.869100430777,5,1,14.902610431972157,5524.78641964823,3,6.180987276976777,813416.3047524235
2545.43479145498,1,4,5.2682461125428235,18260.25648570813,1,2.135037901378695,706155.9268439697
3324.0113603782856,5,4,39.09119316724678,9893.312030451512,1,6.23549374726129,788956.8894595759
3129.414403653951,3,2,32.2074610737958,9859.688845856557,3,7.897124917941872,733172.2685572752
4555.21104720945,2,2,2.4093006196648115,15450.937206650364,1,4.657748829166168,968433.535837725
704.5087115365604,3,2,18.002523295048917,3935.3518760935904,0,8.91853973147321,316594.3652448499
1764.3343531650364,6,2,47.83999077421431,10258.041727900965,3,6.83814658021628,528943.3137905516
4776.851678344514,4,2,25.02005728551006,9169.719068300135,0,9.093240264602823,964125.0478488394
4506.187027509123,5,4,21.636456800985233,12341.303120386467,2,6.611547801226035,1011184.0605864832
2550.4553875357083,5,1,22.8849802579647,19991.596361758333,2,2.181591748043418,690447.6843679046
3290.5966901069155,5,2,10.444136200258185,15619.528987558895,1,3.787225399946702,809749.1756066593
1748.2153234150971,3,2,18.43535854323976,8559.448357331115,2,2.8161545342721124,486427.6263369385
1346.5452187569258,4,1,18.49066279935883,16723.50799320689,0,9.179438479451761,477632.87696835486
2586.6428222299196,2,2,2.6177510093736203,4243.458902937124,2,7.843600605587344,605343.2437026979
2090.0850261172377,6,1,38.37838142589591,1578.8100398702422,0,7.087585320190055,540755.5511670283
3126.452503328924,2,1,20.82522159519395,4884.519076821188,1,3.708696876684595,679394.1034417879
849.8058663424317,3,4,41.10899434082116,7467.819566170933,1,2.656402948451922,349860.7394614017
4884.776634497749,6,3,42.51740005599477,10701.034391731639,0,7.808059791900206,980045.853462217
4937.948350158213,5,4,10.599702734932903,12687.453670282797,2,5.267421512911717,1105007.5543626565
3641.7277130888533,1,3,32.86767410850643,18301.508627074014,1,3.032105969355662,782667.4077608798
2912.433648548542,3,3,23.614090208149086,10687.226181458696,3,6.549597803487476,702752.2328182869
1892.8742732884748,3,3,44.00783689607425,10524.237247888857,1,1.3630046692460678,480130.2215795779
4162.077588681269,4,2,10.787033958822706,1954.6171866366606,2,3.9355322871542815,853062.2571030472
3581.2902764924565,2,4,33.89066001550221,1663.3195004682525,3,5.2170129513202115,764392.4635980813
1231.7762270520109,3,3,30.387606112636128,11472.03927641107,2,2.3316250069846527,425316.96169381426
4599.172330222291,3,1,14.76507387859164,9325.393651718545,0,9.861890298317556,912939.0116989198
4201.41759315426,5,2,6.830045182558631,16944.427504625673,3,2.8818762813065284,989080.2294978696
4774.099609813658,5,4,32.58198802386383,4052.9121095250584,2,2.1731781703893898,983257.0302936983
3765.7377877476197,6,3,36.92987290661654,1474.4615802239423,3,2.8318138649820677,811494.9325976574
3260.3683817110546,1,1,15.7813671881675,9531.736590672392,2,7.921550198437518,709347.790660738
2382.093663307785,4,4,32.24163020111569,5512.0925782928925,3,4.829550933446585,613143.938068058
4697.27817509306,1,4,19.75654538057516,1942.6730934379116,2,6.088743457772842,882550.1091959378
4397.287502751838,6,2,35.66034416413088,14767.36745010495,0,1.1890824128772466,915020.0112310147
703.4840154778524,5,4,9.960763744702655,3120.266999187702,3,1.309881777159831,408212.6113732814
618.651385237634,2,2,44.51075013180872,12558.070500147662,3,5.012429948443145,289068.172405317
2194.085150951223,5,3,14.370479823278986,6339.945253170894,3,8.349897188814612,664836.3337408449
4147.489988518248,4,2,18.389299387807647,4296.424956745419,3,8.967149908368087,883819.1426037377
4942.74258191725,5,1,2.9045976040174892,8215.278935467031,0,1.780359108360762,994048.565749675
1176.8760099658768,4,2,5.57561061606382,16227.469748236119,3,5.845267918909205,532366.2685583585
3173.588219084608,4,1,25.793095135616404,8449.777961186881,1,9.219067176513434,722233.3186160208
2214.008854839597,4,2,13.379633836398575,15264.62333501006,0,4.491754789580977,605889.5195529858
4864.614790165714,6,4,41.77401128710972,3384.239639183863,1,8.466092482855316,1016071.9640810059
4289.535154110689,4,3,0.7346694327476921,15682.656973636504,3,2.203260889594926,972615.8092082546
4272.479171200121,4,1,18.95470243359681,5501.733173226325,2,9.418550407010189,878024.9095336602
2609.1192190773663,2,2,16.867277338454635,13870.469467888583,1,7.762809857781724,589210.7485917658
2366.687760519493,1,2,0.9663815458800518,11749.84954197893,3,9.472009535082115,628100.3253999202
1730.331823688178,3,2,6.2184199500255115,18653.749627022058,1,7.089555101972558,602003.7908765944
753.689734929172,1,4,20.682133745931765,8359.127841530966,3,4.270635387994843,303392.15517169255
4391.25069314774,4,4,24.64322922237233,2257.138587854369,3,9.443630552722501,918866.5884257162
4158.054541085349,2,1,20.214487362743455,1363.9542254738053,3,3.480100986782606,801280.8536164009
4998.729529787588,5,1,26.546883920604692,16710.31265848231,2,3.9895526985555927,990317.6529342637
4984.865766832574,2,4,29.756583745284075,10969.977115567212,1,7.307275762015663,979388.989652037
2999.4426752118234,4,1,0.4961910563917815,15729.636984864035,0,7.887846695728476,784828.7018841675
3960.4433683122975,2,3,23.204757972675193,5454.086400218779,0,9.364631354642384,847611.0941127797
4751.445784470926,2,3,48.17496204437941,7556.591164751441,0,2.8432216815058853,859170.9391265074
4323.413258048351,4,4,25.951614006477435,1571.9735720150597,0,8.181982316973016,866849.1997744159
1613.0664578443896,6,1,33.87711337294766,19268.35416690813,3,7.646914480572671,554579.5103952014
2527.448608895421,2,2,15.59319289584416,13689.490227315455,1,1.574151006282381,607147.271097232
1081.2173681817276,3,3,38.699568907638124,18730.89666742682,1,4.485008270891862,421482.25852687826
4793.229622664251,3,4,38.64607409380575,6044.431741152374,2,3.5448891135408873,966797.4746866574
3227.78585502896,2,1,26.064802382706947,12617.808613287556,1,3.7404138191862737,698245.4827020434
1528.8926247655822,6,4,48.80069116396068,13891.49939756012,1,9.846521915992307,542104.7477124479
3522.653079826355,5,2,6.277510738132669,7033.44430489418,1,6.784996721319351,818231.0005635672
3281.577082060531,4,3,0.8473832444790497,17114.07546529697,2,7.459085420141497,918701.8344333582
2111.732231147782,3,4,38.5079105878548,18996.067795104707,0,9.789558735835083,616204.0421510745
1011.0091648983306,5,4,40.35777686824413,17812.24723622408,1,4.394816042118748,438596.10311842454
3522.079380167598,2,4,6.0103614560288126,15042.272542848079,2,8.216561516075252,848092.8959358693
2841.3846540670697,5,2,13.279141647930304,6271.828914774127,2,4.910778669740458,688013.3579367108
3975.432762810377,1,4,0.8776181683314455,6350.704800007003,3,8.825803046334817,832351.2267995949
2840.73575500397,3,2,14.665430539028234,19303.846088474722,2,2.625917871801729,722681.3417980676
4334.816751433431,2,2,38.657093695933575,1195.4054227781485,0,9.529175593578517,832180.3147360771
2983.580774485185,4,2,25.898026385628945,14604.949491600744,1,2.968945375697917,670999.393693067
3024.220871909238,6,3,17.404779658414405,14418.67708854998,2,3.935984562828384,796702.1316440292
4444.941211962552,2,3,18.586964745316514,12831.101278046151,0,7.8057301069610245,903613.3136460338
2315.6728979557865,4,4,0.0676812857734077,19812.068075650448,2,4.54379627408866,739424.9443819136
1103.0685280278833,6,4,14.990026378261796,6925.709279510779,2,6.4739023908980196,499031.68166521157
629.5220434100254,6,3,32.32293708189653,7459.465412071715,2,5.001161509624857,349884.47386784165
3898.1176505312856,2,1,48.70972219081786,2499.848655984555,2,7.6813294338080365,693582.0193680254
3291.392981090591,5,3,42.353041349194974,9413.164594331012,2,3.0549812713174975,719737.5831537572
3668.358956446506,5,2,1.1797482322764563,5959.921998462114,0,1.526121885131893,842210.930580137
1458.3387267900985,6,3,44.928030233741964,7524.34734137524,1,3.699364577257596,485878.493682798
1113.671640140464,5,2,39.1599206649313,16856.864014856925,1,5.268777983815872,433132.15694231703
565.4509955054687,1,4,39.01880617854902,18774.20575702242,1,2.512180469734107,327768.0367715318
2077.6440146296864,6,1,22.899787950178574,4528.928368098526,1,4.193175606907499,550993.8693812024
3154.6295908458487,6,4,19.90026464772514,8077.669699515852,0,4.599847164642117,770248.238483213
2265.0982029487955,4,2,15.14578644165963,18643.980680192486,3,1.5165265931944618,651418.0507369583
2468.6371491067807,5,2,3.284742947718289,2174.36075309523,3,6.249765233657841,671543.2219768185
4568.714125221868,6,2,11.411768174684955,2754.8500341161916,0,8.959090851741587,959944.3910058992
2067.1496016048513,1,1,12.33018174890123,4093.028794918358,0,2.3656862165774717,453142.9666440488
2812.9527012191484,4,3,24.20385348551008,12309.04384841062,2,6.380272120613626,727728.2281699037
4026.4385573351437,2,4,37.3722203298347,3858.973149113952,2,6.982652844197617,806020.265691281
2284.4425204457157,6,4,23.69049141989733,19393.451247563935,2,4.774012123773595,716978.3701262367
3299.390151025431,1,3,2.8922224723580303,9487.576017911886,1,7.30987828627843,757994.9535156661
4380.636689360354,3,4,47.88949004941019,10528.84124665316,2,4.696583891419108,890777.7702127662
4772.842806459389,1,1,47.13621595470561,5686.513700302723,3,5.541735591796914,841542.9191477367
1161.8306641806707,1,4,39.25947715742042,9948.244796259936,1,1.0661774009898428,331344.1351569457
4669.644313226725,4,2,49.56639507821103,13576.359020103218,2,7.225481027212199,939107.1231336484
2714.523318857922,2,3,27.224116640013147,15272.365602126813,1,6.95208411050252,626973.2385153426
1662.0997473453126,3,1,48.138417512660304,15323.493571488347,3,1.3456078959371012,437177.19450352644
2566.110903072176,5,3,3.7802520308375387,11979.931141187679,2,4.314250966556198,674395.8437715855
4910.146588784647,5,1,18.284037413068567,18182.835724883287,3,9.811286567125006,1051408.6892828713
2716.7814229679134,1,2,11.269063400338291,16530.74909881608,3,4.786629063117552,635042.2604658444
1979.382246293787,4,3,9.7916542067135,15383.914179273883,3,5.517508646186576,657778.1775070044
3350.303844425266,4,4,7.040147444633805,2056.504911928752,2,9.189371423437468,804974.29977074
1580.655284501869,5,1,31.120682078299833,1130.681282173337,0,7.455356882791808,407546.1388791797
841.3849764889876,3,3,39.06609278736525,5036.498266713987,2,6.238631180118012,339272.52900168474
1079.9587485979214,2,4,28.914919971018033,13606.948284355592,3,8.180242132069653,462873.01401710865
1076.206275309976,3,3,7.348135479410484,8812.75228876837,2,8.77929639810376,469864.6248949836
1183.5621208053244,6,3,40.55618849667354,8645.718926686923,3,5.111992645635402,456436.2964192115
1124.7222769223456,6,3,31.797735358186426,17807.150876362663,0,5.275975284386519,490178.2339941123
3383.936351614466,2,1,19.408285306349775,18015.694114504935,1,4.474458420866522,764254.5754691823
1318.4603797961518,5,4,33.70651477680315,18274.33001701813,0,9.700355260166145,520844.5370484847
2055.5027749573846,2,2,12.995248962141643,6963.683453785518,0,7.274496288613154,524123.15549647436
4535.547844577053,4,1,17.259610424710527,14130.060442045973,1,1.7490075958726505,925064.4351346013
2632.8273811829254,6,1,45.87429215659951,6161.030444213023,2,8.766636609817166,600545.541081341
3504.0098233446224,1,1,14.52522528357102,4621.586828414545,1,5.3250394675264126,709615.5180271422
1275.4394204073342,1,2,23.49941340789683,4508.0166896000155,2,1.618785157802387,386096.5327821987
1365.3005846390183,5,4,44.507056869800735,7500.044796408287,2,5.9474552964697995,445542.5819958179
683.9087731991549,4,4,35.386067513376375,9169.194775816613,3,4.754478510781318,390686.1520838361
1260.2077838247405,3,4,3.1101613082351376,16788.0342500463,3,8.899744643763624,544409.8638310584
1753.656525643814,4,3,7.365152213948517,3277.9307759815297,1,2.835951432484486,516543.3417625464
1296.5471792453607,1,3,0.3920795385958409,14963.59110050299,0,8.438181485429645,505867.02621507115
899.1614019067503,1,3,31.54608951145817,11097.6433695968,1,6.019198220669074,321957.4595065833
1042.8614199527037,6,2,22.383671270520917,6470.9615108438575,2,1.4914927289212214,421180.4133628516
2573.504456147266,4,3,6.713742545113776,10363.572106123667,3,9.74660771192936,692119.0224919659
1428.5017328260662,4,2,47.896706052838525,6698.89932576343,1,5.6135371969287995,386759.9435527694
2139.2143747163395,1,4,26.482986197280994,12325.557149527815,1,3.617891688084242,499507.9815609352
2765.377718846856,3,3,12.094664705644458,9243.03453424964,3,5.224661577903323,706539.3713740042
3606.776728832144,5,3,25.03017855773538,4123.705052498695,3,8.720720051657402,846811.0289091629
676.9046292849453,5,1,33.98101663675539,3215.0784165582377,3,3.7441281194655716,308936.9960679339
4097.3467950906925,4,2,3.811960898678224,11387.217959370473,2,2.734087568380303,913302.3644501371
3325.551752709085,5,4,13.7351907523946,18145.847632435965,3,2.1616412223779333,856385.2165706342
867.9156437699236,1,1,40.34827454419968,7535.196044596026,0,3.6807345855119014,255381.35794511752
4431.103808480498,1,1,22.983243520133062,14927.00203722984,1,8.020432783360391,881025.4970372636
4643.92580239316,4,4,27.328857101614744,13514.565743855572,3,5.244637286757355,966013.9041927379
774.8508193468869,4,1,21.640800110473464,18699.54337188014,3,3.04733443324186,425480.0280685525
1745.9494166624168,6,2,2.194997132150256,16598.639328683676,2,2.4956649964877426,615183.0839692559
4127.905759068776,4,2,8.287488991007796,11765.499919203796,2,3.994565288593412,886003.6224931187
3867.1686067264627,3,3,22.277081937094543,13483.579466448038,1,9.45931935597138,856456.9417999975
1330.344587103698,5,1,10.459273270396391,18069.342865096663,0,4.087240413310219,466374.6649458675
1442.0719550151964,4,3,2.4989514329839366,8590.856907151761,1,9.893116683591717,513734.9721152481
2167.124462561219,2,1,42.182483202591186,7209.09941129777,3,5.367074101888205,491443.5627472381
2680.353433359596,6,2,49.05962645820579,1205.4105890687304,0,2.612475264611358,577557.4250827396
3282.1464718863317,2,2,39.65714369983697,16704.47040963782,0,9.020260826141584,717760.1162472761
2160.111378063976,1,2,42.68924608523335,16218.633307663933,0,5.143198358213442,495511.5702237866
2581.4062225991656,5,1,12.098856515852269,2984.6358439028763,0,7.38704209154072,616014.307565948
3863.6192216019044,4,2,48.031348775659986,11960.290241521305,1,9.853404248882367,811459.4753517727
665.0744130076905,2,1,9.846285222671419,9815.65226517086,2,1.451578152879766,302660.5946571062
1635.9662495480934,5,3,47.571490518091615,3255.4728146731177,2,1.8702510380881043,408364.94369833317
3710.073136480486,1,1,49.74096469829755,19630.796314153748,3,7.484110673164806,742155.2761918589
4528.430769592397,3,3,35.586140287302435,5079.221861803753,2,3.536425029659248,893961.3939449501
2802.5484895204977,6,1,49.0571865895911,2277.449421720662,2,2.6587125725508916,633714.5932613491
2894.5106836939203,5,3,28.476988978355184,12302.100210536282,2,1.3542569183775655,723529.9111243206
982.2740510289923,5,2,12.977089158804517,15038.46686552762,2,1.1966204078758162,483436.32092360524
2513.355650705546,3,3,21.849794283281042,1616.4254748965523,3,7.970370428078118,617945.5107568424
2896.777699047604,5,2,29.678046768939296,13515.635135813422,1,2.20990084632595,728635.7629240097
1591.1172663562834,1,2,3.6540781013507493,11113.545643077634,0,5.209485543740358,504064.3584914026
1711.5945392722144,1,3,31.117163230862303,2962.03516862592,2,6.453071336615347,391910.9969945901
2197.778733970802,3,1,49.058891838114725,4277.953661980879,1,4.855166205119616,466644.49189754995
590.3203899997686,6,1,9.505382489186381,11791.51164900553,2,1.243959871026098,391443.2549035015
1949.3562451243022,4,4,39.62975581441916,6630.79465675248,2,8.05151352329118,538073.3897283432
1451.5160314844509,2,1,45.39493968898097,18827.998844375004,0,1.0946190208748814,391388.92543398286
1973.738084800616,4,4,47.18507964101104,16556.064360196964,0,7.857009049397356,564578.4218588795
1038.9295931866304,5,1,48.00678022027236,19687.776923759597,0,9.039740444093104,403754.4869688725
4507.3727633295275,2,1,26.072981936073596,5933.7459400578655,2,4.8955592895145505,852574.3746744045
3171.1660409932188,3,2,48.865395399575185,19424.749023161563,2,5.8198822578801845,738259.163342409
3555.9604361502033,3,4,37.86551035672194,9193.4435260396,2,5.292850533558884,773745.2769447326
4051.2705737330225,6,1,8.083571811848095,7602.857110961338,0,4.502877567610949,899591.2107942413
2742.9898951807577,2,4,23.8450053233985,1956.6410124177116,3,8.986820818333243,642934.7207784895
891.1412963934066,1,2,35.9165587686002,2002.5398993324497,1,9.045401596029915,286119.0646016547
2916.979438183465,2,2,12.367015790954166,14148.213862986438,3,4.022347281773811,679481.399259749
3140.785031093956,5,4,32.03075917744437,9700.65089424653,2,6.535627786132282,758243.2197227029
3854.477633829485,1,2,33.33002395233096,5303.910894686009,2,9.342168059312778,752688.6197684362
2442.4679580335574,3,3,8.134987190428294,12665.43582017942,3,9.658526490472164,671193.3124649042
1074.111362580037,2,3,28.254265622637813,5804.304246752113,2,5.580631363798428,349928.5168166372
1776.9915760942602,4,2,38.581345548930386,11975.003332544029,1,5.075423247558941,500900.4135882709
2133.8703337938578,6,3,24.944783226797096,7824.966192671117,2,3.508248843356732,614453.6971213844
3406.6275859922057,4,1,0.6051558388053713,16647.49230562456,1,9.629846858713691,862297.8305360655
3068.5023710101036,6,4,0.45192345396460887,16593.227054568808,3,2.2853287402558062,851754.0673540061
2102.435266540308,5,1,17.851467198500607,10069.657564325626,3,6.218466184429525,607255.0188479256
4939.318619568408,4,4,46.3097034215891,7665.5630773652965,2,3.54295240766775,950883.6152995718
3225.986687105992,2,2,11.433838980180438,7888.636134622796,1,3.5110746131301696,712151.4498264892
1567.5205628119752,2,1,31.718184443584356,16308.57598769614,2,4.644717286385696,475273.1042255417
958.0211267918169,4,2,11.103793534666028,7235.410173154628,0,9.989136422340891,427284.8114719742
1187.8661263294941,2,2,16.08349948297743,4972.1281004300745,0,1.4946967615583986,369570.92981894326
1606.8097777302867,5,4,42.4021044800742,2609.07849563083,0,6.206876363831783,460947.0292544649
1223.0661796680006,1,4,36.443072113497344,9867.169296803759,0,1.7431494223174946,364737.2530187152
1339.551608230876,5,4,4.769963865660531,10160.509879476997,2,2.3906874699146705,535657.1551025179
1782.928259122312,6,1,21.43510104932168,16977.265497655237,0,4.956066475956089,548737.1353060448
1280.1811788263967,5,3,1.4584881822632234,5203.535232475216,1,5.594141182117972,503033.0103063711
4535.444410818913,6,4,24.04450733015045,8238.834199699599,3,3.329131675280716,980161.5424616274
861.05185547739,2,4,33.121700585053404,16359.709038980129,3,3.8481141778697454,440736.0722671293
2860.301253066146,1,1,5.925131179907578,16648.848604230494,0,1.7827031823033974,637670.9213572694
2346.785721453477,2,4,14.444246945458284,8307.610443596597,0,3.7289780545982545,596213.0639270592
4920.703776088729,3,1,19.891831275107847,9723.356442446937,0,9.699025954424897,970185.5514569408
1004.1750597562356,2,2,45.976551232802485,6762.431926136375,2,9.502366435052336,305324.87982305576
2290.3501957058375,6,4,49.662750771148204,18718.54268996693,3,4.013904611232865,629918.8037182868
4862.61694973916,2,4,2.2455649497807926,3254.231549090026,0,6.137685426508854,986841.2765407894
4394.782066522911,2,2,38.0503961747696,18741.23903702793,1,9.1863585199985,933741.3239494507
4176.82431927176,1,2,18.58620332011716,13993.46258487152,0,1.0556544037680702,799900.7520495205
1660.5627217022293,2,2,19.622909311474,11099.870901047892,3,8.296152133038326,473684.85441162565
1268.9941432552962,1,4,37.71324866735114,1620.5221549054218,0,9.535325975100271,344198.61015518813
3508.8944896599396,4,3,45.921321607270436,10036.327644618157,3,1.8219316090020135,730040.4855977762
4682.191951074136,3,3,47.54642972512742,8747.213995051912,0,2.4530291742962893,855230.8354603647
3005.433018562684,1,3,28.856129301916038,4063.1574275273288,1,9.646716724942198,648859.5389374238
3072.2571026145492,6,4,17.85605796502514,13471.78246651248,0,5.837861292763117,800665.4073104534
1759.9059214712788,4,2,39.377454292938964,19451.86723999743,1,1.1277697102455133,491539.0132083883
3962.718199363716,1,4,12.550069163115014,11681.587410225977,1,3.3186879888717624,846078.9842990399
1341.696868508855,1,2,28.20370144167589,14580.312252434971,0,5.0494930684197366,406333.6008987658
1956.5565638190965,3,4,17.92892307624366,2300.558598754319,1,7.236180199222909,528568.1826893708
2414.4639737738753,6,4,32.83155368539381,8935.6729205229,2,7.5984434032311965,681935.4007324254
2784.2467040800475,5,2,12.019945644675346,3210.8112181254214,0,9.958793616329105,699855.1761564686
1590.843795867861,5,3,9.579647286741288,12643.120875193697,0,3.5876007944538313,554142.9457746021
1016.765711326416,1,2,45.91195433377185,18831.161006068938,1,5.843980916816277,344878.9393851554
3247.7901909873467,2,1,5.090184147476845,13573.776916961131,1,5.799911930736445,767508.3269561421
1798.837489581151,6,1,25.297895386746582,2459.257917974009,0,4.650807335025138,501433.77518897894
3115.5719964017553,4,2,11.042639148150446,7738.6578947165735,2,2.522457044581782,717542.5155304995
1194.6322187339103,2,4,1.9464981662833725,11462.604209376179,1,9.797109068654583,482707.0215136955
2665.1304583466786,2,1,1.8009409145713196,8660.947366531793,1,8.679854679999274,636709.9701527809
2896.6524464821364,6,1,8.761088605291366,16839.236199028273,3,5.4849972546481345,806239.275974676
733.2059157009211,1,4,43.338517725300015,16478.749089489793,2,6.429208804156268,325388.69017273036
2014.7192518726426,1,4,14.123937198851333,12624.789381961207,2,3.045349482036961,543812.7259191284
1104.8660462253843,1,3,47.52295852876479,8095.7009575214,0,5.894083633525722,326793.36059382994
785.1873671274549,1,4,29.08111464945968,5851.391101501638,2,7.254731198093283,328979.1265095213
4954.821045754754,5,2,21.830709488438305,3011.6120460494567,0,5.636503255479299,996772.9669364039
1950.5923023862533,1,2,29.00444173347273,7743.055986244527,3,9.912566535264471,518819.2719655843
4144.435006345857,5,3,25.834919261313388,8850.27782694667,2,6.502074906229535,888223.7395137314
1645.8829464369373,5,1,37.93881268786626,13840.635576977398,1,4.338763413329522,484859.1503765287
3566.762250007682,1,1,14.124803298642613,13505.036661653896,3,7.949368248542543,798835.73625422
3921.0253695035894,3,4,17.65251958001512,2332.054653183882,0,2.5341626042347785,772736.3312495813
3180.374332735299,4,2,44.704715126662535,8509.926993191999,3,4.4606423233563985,700893.7826468854
2622.092848475713,2,1,47.322825657520276,4453.798477129876,0,4.122630553398272,495765.6916349822
2353.2841136627085,5,3,44.62791137432372,3979.441401019308,3,4.886263855969995,547969.5457432576
2069.907199443479,6,3,20.97239969786568,16718.740845007673,0,8.036018433358537,659708.2630030003
4682.881149115216,6,2,39.01827515034408,1796.3891176088932,2,5.357557289470667,913415.9937794615
4237.787335044781,4,3,23.81678666505494,8964.474642140305,1,8.146130052393666,885234.5147569485
4842.621097999307,6,3,24.87699260730511,4195.869459563846,0,6.1884001282587935,993743.3409408516
1059.3375056849513,3,2,10.234005452864197,17707.274097891008,3,4.0786249119179985,428745.0512109992
3788.903638416399,6,4,29.556515162925823,11583.769752225668,0,8.289808693151251,875104.6018117951
4722.53205569467,2,4,9.306794887667397,5396.232091160113,0,3.1446070349778243,983493.8992596084
1315.5487977454707,2,3,16.57823495335969,10546.118456161152,0,3.0194468181981593,430008.1239950366
799.2332031504988,5,4,42.75151008099676,14898.2408343592,3,5.540526316493522,408947.2979414978
3835.042921805266,1,4,10.353790460542761,19204.242169469242,1,3.3476432136588,885391.6030673526
3085.1290093096036,3,3,3.557914258671641,5188.47408066296,2,1.0817833145609468,692163.9386396741
4288.229495412224,5,4,3.450379630640815,17837.45367045756,1,6.834677745689214,1018620.4190685765
1128.9756948183026,3,3,47.03922602515539,18751.778169182315,0,5.5998443932515825,379048.9867860183
4078.7029033695057,1,1,25.34602189809173,18411.990346109258,3,5.009660330438451,848343.2426653014
1407.3229402148504,6,2,20.470603590850917,13072.872780376287,1,9.702716631564838,571407.773352174
1236.4517428956701,6,2,40.543929050395924,12966.592434259446,0,6.140792655666223,429936.70413198986
1239.1960906894683,1,4,41.7912963955258,8661.002030492633,2,8.770884200104462,348247.3912171724
4165.586241041219,5,4,16.60955165578023,15295.55976377197,2,2.2550521258464418,981191.2257831028
3493.3874931329005,1,4,34.68090287368976,11094.586348667706,2,6.122858168164849,771809.5508284719
2853.794411461037,4,2,38.55614079259433,13871.323353337595,0,8.811816640578126,634470.9707752507
2114.737178555761,2,1,32.73253434329773,9140.700173127114,3,6.247951815519082,522889.8548689286
4447.402433658987,5,1,7.579753740004969,14898.432816819643,1,7.4621276031430135,993283.7667109572
2266.002983401859,3,2,43.79415417585285,16664.95883448643,2,4.348392110309867,551629.3877847996
4174.697477622097,4,1,26.954727636800435,3782.288875453506,0,1.8320456533335996,767479.7256802645
2476.107088565983,5,2,14.123621318500184,16825.664595910333,0,5.121102656143643,702737.663817098
2196.249932412084,1,1,21.261409271884695,11265.634104015837,1,4.550314517549718,514575.8250550149
2582.059035513229,1,3,1.878554519945369,17048.652272714262,2,8.803541641410526,702901.245006252
1856.2004337386393,1,3,6.3933400611208775,9194.732420479279,0,3.1959577211722503,480161.4485901477
3864.24221079313,1,2,38.277337525793044,8201.769222277666,1,9.700608047815972,736555.3588288524
2762.241755416156,3,1,0.0005817377683070557,18386.153917827225,3,9.623243078240465,710282.6139917463
1544.957128160678,4,4,20.82829142411461,5772.216083419625,3,3.2286847876429485,500530.93013548775
4548.085579735558,6,1,26.125509054279423,17040.03418043672,3,4.132467599295884,1029600.8553395225
2227.5104961794514,2,3,2.7317210000486147,10196.390877678677,2,9.060001667864965,612140.0067535656
2945.9878750129487,3,3,48.653908148616644,10767.813408473934,1,9.699599988064968,631479.1380520687
4579.124499340462,3,1,11.306266562483597,6860.897348300196,1,4.990951925524397,917228.6794743651
3309.0709816129643,6,1,15.209935981814043,11887.801811761297,0,3.8889734107680805,792226.2513598902
1026.0411831876384,6,4,15.197125612751366,7179.012729248015,0,5.734846119263878,456363.1012815789
4729.244556260638,2,4,11.520833105867496,1746.118870591394,0,7.189922857291613,924049.9365727829
3324.6862388213804,2,1,0.0736911043155708,6167.973501542765,1,3.461270638374818,716979.836658539
2007.0752659568875,6,1,36.467239704399816,1121.2018247252229,0,7.6282585715716555,503763.12309363135
1126.7243269852427,1,1,48.34227498996427,19588.740954080276,1,1.4649162140317693,342594.97162349767
4073.113351716332,3,1,11.214674164252253,19349.196986575203,1,1.443650434879748,926246.7430547045
3290.3274016783107,5,2,33.15235959017112,8507.950651973795,3,4.476589346309908,717983.8199590137
2900.574913893447,2,1,37.094816347935755,14839.046232453275,0,4.181258728546485,635593.2318043039
4522.516623729309,2,4,42.421268954526234,7570.315869798074,3,3.8406989383043704,882695.2237113228
4048.6874505103883,6,3,21.131459850680457,13750.769984633545,2,5.41917786402019,973653.9558955493
1182.5369587973803,4,2,15.146545282021462,16303.170817873603,2,3.886602240804141,492523.4087742664
1902.7493050799671,5,1,16.264756701151555,18988.368649152573,2,2.7303212662128273,597699.4611352332
1618.2011291650958,5,3,35.63106665492564,8604.033241143768,1,3.785225941797408,503614.7908284396
3847.7583165770466,2,2,40.8389733252818,15882.661676164906,1,9.774138455292114,795886.6860695825
650.8959563110072,1,3,9.080698387830132,6052.640562010257,1,4.7000207529536375,292750.27480371314
3064.5035819209243,4,1,18.54705040788826,19816.31377207932,0,5.002414991725022,757892.3426033509
3931.0640858331076,5,1,45.097009837457506,1489.6223765226716,3,6.18890490956026,765971.6606546758
4445.445365427873,2,4,40.33467598473696,12467.047323521298,1,9.85006691572804,920580.4758737851
2039.3678692215835,5,1,49.24292013812379,13530.613651375215,3,3.174411487921867,536559.4174652253
4195.657871024057,4,1,37.712412984104034,14072.865584408448,3,7.131538994791905,838357.0445589508
997.8428162984326,4,2,19.659760051396113,3287.363996992691,3,7.443862241875517,392525.3845270549
4309.035312805332,3,4,29.531891699731887,18832.06588598948,0,6.465919751137593,940478.2056074638
1073.6989804939208,6,2,33.050712712366014,4442.482301951573,0,1.7972050567297968,368031.8451645931
2287.792807521653,6,3,3.9227908158561977,12832.31466155698,2,7.091850482448188,669009.5229813176
4087.8291460079913,2,1,27.224847955193255,5230.845503338614,2,1.5768523993255794,794178.1680606563
1174.6284230694819,4,3,35.46604142363048,6837.111923404147,3,6.365283845949072,429661.66048535955
1531.6312785468867,3,2,8.366065200053018,11382.712292834363,2,7.656230594995684,527082.0616464734
3750.1365577687984,3,1,39.031585871277855,8926.674952726953,3,2.898729015579554,739118.8087207318
3740.1644144573347,5,1,29.18863902570558,4044.2864185536196,0,8.574598067884967,791371.6003123152
3385.164347983838,5,2,47.61108928487973,4247.791645996118,0,1.2731842497970383,706853.755998516
3622.7680001019503,3,2,2.121114910344585,8944.750975093193,0,8.594315772924755,802166.8442621459
2942.259995064183,5,2,13.26630687777335,15388.376587234514,1,5.142961455784886,790803.329826319
1633.0957650812875,4,2,30.077693964991205,18061.328290107984,3,2.9582914593848004,537878.3568975148
2055.6319707676375,1,2,14.827995610296535,2598.425582928274,0,2.204003304945712,435312.29387318523
1317.1897256064155,4,1,35.721208203562114,8468.97424362862,3,9.579764508241354,485627.5489450082
4588.027526001328,3,2,37.95026412609655,2904.665710734656,2,1.6539902882304105,852929.6854406099
3125.263076447542,3,1,5.125798203323723,1315.2571320193597,2,2.791840779423331,687602.9279931581
2303.8313754363794,4,1,25.692723210338386,13572.654970235175,0,4.1304011268974135,572317.4982859078
2579.026116398597,5,2,25.444527779552793,12446.539397365168,3,6.582113640650084,675181.5941841698
4762.775028253169,5,2,18.464038510777055,4097.363162482838,0,5.903209767484886,960847.3067597756
1190.0813140223609,6,4,46.646243128483604,5442.443828768218,2,2.1307914317108256,454715.16161844874
3138.0342440755876,3,1,41.37531599366106,1450.4473192458493,0,3.6075518536439315,582051.3042447512
2776.499054980097,2,2,34.86046909548184,16863.996908193672,3,3.1487659397742167,646282.7093844074
3251.5440594559154,6,2,35.716331786749876,19519.12132492248,2,2.9218856904130726,827630.549861157
581.4958271937822,5,2,23.085807190655956,3573.731199099125,1,4.7002990283198836,316416.37391876563
4424.557590248682,4,4,46.049726054828795,5398.029061540664,2,7.336283073324912,905461.273325355
4694.532271176256,5,4,34.729771362664266,17499.780954991747,1,2.9570763899551236,1024551.594810638
3043.0993261514404,4,3,36.44905308279082,18602.812161167512,0,4.300109917326832,719145.7841720665
3634.9287074460153,6,1,43.08454518936726,8972.920273329397,0,4.5182568415704605,767722.8531766655
4651.247215297831,3,3,13.70357946710955,1961.8269731124083,3,9.788108764918691,977251.6576042345
3682.5738544102937,5,2,40.35354519333515,1748.4448401635686,1,9.59199721191162,760362.8941643672
1186.425693114176,4,4,9.762030147824602,11905.047455311198,0,8.201238244768684,515286.52547167643
3093.2976207506595,3,4,17.26709761224439,8465.0070689704,1,3.1749302873726664,706720.4130007168
3230.2177087228515,2,3,16.780522713492136,1544.3961239754358,0,1.6123358268250272,638253.5190562359
2408.588020860737,4,4,48.926273419457026,12081.79545393858,2,3.852137239485623,572564.4985409084
3813.999060311253,6,2,42.82686118739634,1214.748195191427,0,3.4011509449044777,749456.3854943536
4704.651566460567,2,4,35.058493079512985,15960.067204836187,3,5.553332201317545,956837.6918034232
4665.058308080494,2,3,36.35283808076951,6822.22363136406,2,7.999551190610138,898144.4650353065
2528.777171318595,1,2,28.103639720128555,1764.90205717541,3,8.724906449909723,567798.1914312475
1009.5712062833986,5,3,47.35453335542596,12178.692198679913,2,8.603776768694576,391125.4740010282
4931.785395330506,4,4,24.812937644118076,8556.00387422804,1,4.237080051007609,964613.9357457757
4275.041389006703,2,3,19.025885493494727,19502.20785378584,3,7.185109091146146,936659.4377556503
1060.9820654147009,1,3,8.15176684657955,11339.774587570342,0,3.8155077777179804,392844.79781722074
4643.788471778175,6,1,39.3102826130529,6229.544439703157,1,1.5481498891166443,907613.4761251132
4414.533629279577,3,4,36.72219660377957,14479.338428045521,0,7.314087390426481,902401.533618519
2834.7712570673243,4,4,19.217751926206745,6158.348048311515,2,1.0884479731280905,706402.3294580124
3160.7394608521818,2,3,1.259670697961468,18180.622536743736,2,4.682643287126397,777739.7081488882
2295.512167415586,5,1,41.949866385900535,8119.717439640152,0,3.9644134237186814,545096.8263798736
746.427374699141,1,4,0.5708991727036816,11447.5026927479,0,7.240397846669672,377006.0840058682
2008.387587406554,2,2,35.18498898145255,1960.8889726603484,1,7.89620925484341,442798.12426572375
4112.840518691051,5,3,48.512855486302854,9096.303521092384,0,3.7368517237415544,816964.8072929268
520.8441035207129,2,4,21.883066407410173,16814.907253558904,3,8.304643130003683,404638.2423273707
2000.7462726101487,4,2,11.748670249797637,16307.327301903497,3,3.645250844544404,623597.9940270216
2291.759121159245,4,4,35.243550502169086,5262.052618216999,0,5.016937239879051,584033.7697355596
2918.280213220653,4,2,40.85640710077926,5295.502349200691,3,7.543166743127205,667442.2848939206
4639.3502738574225,6,3,27.321515803892364,16528.800932051498,0,7.236282063023097,992861.5351827173
2058.5569746468254,6,4,48.35176376280731,18677.569983217185,1,9.8863162508098,687187.74652772
2061.2894085330245,1,4,2.5834360828980554,2811.857504187067,3,3.026449217943387,550721.4530059793
3818.755616493868,4,1,25.239779915226407,9551.114149098279,3,6.960861221856241,840187.0905861646
2534.9807340041325,5,3,35.9226973661275,7411.63130032035,0,6.487137174481997,615358.8041524455
1510.7217032299188,2,2,43.13202355745895,17543.080653691348,3,9.235886090410268,496502.6079560922
2535.9778225971204,3,4,8.962780595389502,2586.9733789203565,2,2.4072592748038755,605580.1242554077
1133.8565917090993,5,4,40.00017408818407,5011.392908602711,1,7.766183472282397,436162.60403769213
1293.741439278005,6,2,27.635353785927265,15296.898414143392,1,6.114417546418915,464254.42247771693
2742.654977327659,6,3,19.82768409949816,1974.583130643096,3,3.4719928280911487,707519.9286208274
2385.1645227704657,5,1,6.585751428954678,10358.172233571497,3,5.269914227324567,646152.5996293523
4616.806554806451,6,1,43.26478794544562,9400.033658914681,2,4.00398937362818,933551.4129013332
2130.772546024849,4,4,7.863660408985767,7353.622400786225,2,6.213820625096148,658872.5855500911
3112.6475762511955,1,2,15.489392960454962,8496.873991059552,3,9.001005497331994,719862.0954487359
3345.1892956378865,2,4,14.502276598121844,11068.871151674426,3,6.123744859709818,813224.5546087117
558.9250546475014,1,2,43.57070170954272,4065.9798093792792,2,6.685501764939256,242871.73152258864
3485.918174075198,2,1,33.6351497104449,11867.921687388263,0,5.668730624032385,687815.0333892956
1301.1618509138814,2,3,39.834069859568615,16303.21425669974,2,1.4604895580092832,421291.26046764717
4824.816428612548,1,2,12.523394939624948,15443.057666013021,0,3.0957270118848483,906871.2598832855
1168.9822748890083,5,1,31.243704980349946,3924.0981891817,1,5.428015564888745,370881.77168411855
2365.808556771607,2,4,28.587299157187434,3835.7399250880044,1,3.792117553702343,573689.070360999
884.0735063538973,1,2,41.64151883941356,6095.312987153353,2,2.635872379850748,255283.17906075358
4985.934133306763,2,3,45.304353024063026,7860.419800479707,0,5.537195577265945,871909.4531032018
2759.8775464905916,3,4,0.6078385738693404,8760.656046761169,2,3.905288141030653,756369.6541114363
3179.232577940197,5,4,33.700995952939635,13914.24711983356,2,3.3229687885607326,786913.9799905162
801.8441482479236,4,1,2.5917899559864512,2076.928211150873,0,5.175868756963427,361646.5915719029
3874.8221167963,2,2,27.442933253867796,1658.7813802952614,2,2.1995583227395583,716019.7588284456
1444.575168930136,3,4,14.38163645218391,8446.300695934271,1,9.349711597678667,512584.19531381474
4541.244302483212,4,3,15.33882997610706,14246.11015062163,3,8.809318881273152,1025937.6299975255
1423.1283821690322,4,2,17.64792517261783,4675.2715161731685,3,7.368585271664818,461962.9937868356
1358.0947429864996,2,3,31.064622452480506,13188.585143868782,2,1.955924448296106,418911.12079337507
664.473505316427,1,4,16.70249828343846,5936.73462086569,0,7.982895290227237,285854.8245303914
2624.3012529949965,2,3,36.63495252951402,17835.63606745681,0,8.271615952981172,628977.3523348913
3041.7850996817738,3,1,20.226369278693486,18018.108941065715,1,7.9098815594290395,749931.9040425493
795.6888774275856,4,3,3.4176600154979306,6648.456881345203,0,2.0256929840731703,365951.79573039216
3989.8742751275477,2,2,39.187992124205365,5369.88132530157,0,6.795171613609883,789076.3784438097
2539.7997563661243,1,3,14.2879162296353,8814.775469258395,1,8.508923161744587,585290.7938999619
2859.75621197411,2,3,21.638343979963132,5570.100118422825,2,6.1961806109770095,644314.6404872778
2483.432361222027,5,1,34.27219416109508,13775.29302254237,3,6.8176663770528005,638806.6635868072
2303.4337739389666,1,3,16.6228078574356,16695.229006417423,1,5.1252713148367555,592768.3353547872
3018.3814908869804,3,3,2.8292828073357814,13788.750487313124,2,5.758365878956473,797263.7354925419
1198.5811066882063,4,4,18.69605235064068,16662.65849773764,1,1.309391725165527,462566.2024871835
1318.67658722872,2,4,47.22242913471517,8542.851081942008,2,6.750667197759562,390798.8105947949
4378.035294560828,1,2,32.08671986492791,3970.0224434683564,1,1.7330249160204327,794137.2063061751
4757.519579601348,5,4,33.57395743336035,15021.06800055425,2,4.91513134906201,1028024.1944199158
2179.8919232588883,1,4,31.614107681881993,7849.015597689524,1,3.6338958790066704,514673.62949473027
1718.351029145992,6,4,9.949606947971839,13754.145679353518,2,5.908851551905418,616862.8998402586
3397.9979445755707,5,4,20.916693205114008,6142.234897653548,1,2.2007470197088637,778149.5454308697
2339.3037699414335,3,1,37.54698991816591,2543.3630613267806,3,7.224790617759863,552273.923081107
614.2386004715519,4,4,5.068644877657958,19859.054114267503,3,8.155103832356232,459878.870386916
1202.6866881478568,3,1,13.892638804485614,3967.8286506813865,0,2.4701900476884084,345861.6360910757
3721.875029813289,2,1,13.815955423292682,19779.99888530614,2,1.9388177861669393,777932.5943922665
3465.157738595681,1,4,21.6009463797253,19568.318718762497,1,2.3096393450862323,786701.0722880199
621.9319662656757,6,3,49.01843704710925,16082.543974252752,2,8.894148057086515,429645.7919086185
1498.8747286982725,5,1,3.375127334191097,13529.036279557953,3,5.753703355807206,555826.4530673437
1539.8365846463212,5,3,25.935049719029752,11978.33395477061,2,5.2053489640675235,509913.4025627733
3523.5173461942777,1,3,8.968234100610523,17455.92936217886,1,1.9604063719211884,763147.8833693301
588.6974198946386,6,4,48.53382727048721,6499.350910770271,2,6.846004060812656,352022.5891436812
968.4886189305823,1,2,5.66517523637321,9885.943037212664,1,8.811996327055809,381415.19828035275
4099.622384179353,2,4,20.180050118079564,12768.409417963536,3,8.453672823911077,928930.3041703842
1303.4509792445012,3,2,36.89424924173031,8812.619041520331,3,6.634492380827211,405587.184826092
3437.357485333436,5,2,35.227721401372264,9122.242627715092,3,1.6775084498650625,767848.5021488888
1571.8225147102694,2,4,21.136431844696613,7275.408682539603,0,2.011573244584117,433826.02256780845
947.4862674170532,3,4,17.326208397635913,11720.404517006185,3,1.443780883988422,408396.31121746247
1594.2748594975433,2,2,19.88061892764353,17160.916032287205,2,3.3173129484322237,485163.614706122
3750.2011933504664,6,4,13.213813157931964,4829.039182119945,0,2.2209532044433997,858083.2822569424
4350.634106478286,5,2,10.26664693533999,18754.227736315388,3,3.3404323622719048,1020833.7903916335
4235.989390551462,1,3,24.1519848779445,14092.665421216363,2,4.465522501470655,859845.9146970955
2287.325883283047,1,4,13.426687803380366,16642.191040920574,2,9.48684505664022,622811.9247575449
3506.383114567908,3,3,14.373083244862507,11567.62315997022,2,6.493384538035229,832510.6352507974
1422.4293293711944,4,1,32.837803173727856,15810.817327057206,1,8.514764071146661,456353.3123862006
1819.1647861745596,6,3,48.42686658499461,1307.8075494498771,0,7.39316350641099,489742.3033890497
4533.511183345039,3,3,30.181860027968753,16549.22807081117,2,2.0125281747396855,936975.0853194975
558.5086557983121,4,2,3.848973353248314,1762.6383226219639,1,7.62328365736554,339836.5597162633
884.7883888451063,2,3,3.779180692703349,17908.35415089439,3,3.4758899340321197,437341.5913622317
1435.4881481571229,6,4,47.5711610422783,19847.29219753422,2,6.751970622952357,565580.189849754
619.3949174321888,2,2,14.864539515366681,6587.281781358778,1,4.068657762786897,224818.60415507315
1316.459457904088,5,1,4.603349304123771,4996.0525694300795,2,9.979050369381932,520867.14493876643
3123.687024363615,6,4,29.952229357519077,15541.903913302773,0,3.3719633154710005,764967.7755954922
2396.4104776662407,4,1,31.182438914513305,5807.500477484811,0,3.512174236968427,546854.2055881885
4517.022699846387,5,3,32.42524100593441,17445.685280271864,3,9.376050300061586,1028912.113225455
4178.496027822985,1,4,13.370101392877064,2954.009250992058,2,1.221799641726904,846412.7934917049
2038.178082640442,4,4,0.7555342107237517,3393.148731207807,1,7.270200890858772,611487.374795713
1667.4054504408161,3,1,48.25076847272359,19603.879546911696,3,7.527937516622903,477686.18232566724
2208.6158367527014,1,4,12.544652284555124,13802.939067130088,2,8.527407196693595,585759.702504694
3156.3272413166346,1,4,33.801314402627376,17090.8572641501,3,9.769953795746279,743174.4495942629
1706.286383702943,3,4,35.331493493935476,7162.258169678842,1,9.780417272409872,460829.8392003539
3308.670085321103,6,3,30.500370853974285,13853.191240891483,3,1.587490818098175,794933.46725895
2342.352434860582,1,1,15.645369710682411,12290.594718863347,3,8.396553904776123,582645.2565193156
2984.212313833911,4,4,13.554812688203288,12459.852282335993,3,6.816789402916432,773107.1105643638
2462.569381108925,5,2,29.883414135135155,13968.116731216709,2,6.826079209357821,664425.0317462394
1825.0959179386296,1,2,43.304781680584576,11931.824289452872,1,2.155149339532253,412867.6122561668
4768.039881329705,4,2,47.33668644616978,9152.185016750653,0,6.85168449801088,903998.2260543482
3936.2260737189235,2,2,5.295290220187882,6242.53119323039,2,9.84234322541123,801784.6903699249
1130.5092909490363,4,3,7.7414306298859925,15603.045287350838,0,9.206367125855023,477246.49083490187
4408.105891540607,5,4,47.236812939153985,5299.1761700605375,0,4.952175947243655,890852.1530764016
2693.4403921228113,4,1,36.82676141673963,14154.731816933869,2,1.359531759574849,639018.9793264349
4525.485021023411,3,4,44.149691241488654,5433.323630337206,2,4.260641410001844,842217.6615126496
4099.348651762919,5,3,10.131631706767157,12881.273229134624,1,8.437512804404996,939938.600893919
2413.4607701115506,6,2,29.379293555470092,15194.487075451549,1,7.313491913186494,697239.7307009653
601.1118874405283,2,3,35.056979720873684,5155.563889224245,3,5.134092900345608,272140.3313540782
1709.0481172322573,3,4,34.00559427234863,2138.9227163648575,0,1.4959138164294798,424290.39596161083
2937.3539659739013,6,1,20.407584543334906,3488.5011168893075,1,4.842052550409724,715276.8007262289
3350.6519892176625,4,3,0.7697445845654238,12513.942378149484,3,5.221224457460951,837502.5971627029
1660.4945844494102,5,1,29.146302840213156,17139.481718288975,1,9.356999796047223,538169.6013549239
1127.1023333277085,2,3,12.655076958980437,1854.939603473063,2,6.769774932239435,388738.03494790534
4257.186065596847,3,1,22.51271230714452,14948.873921791279,1,3.80487624989184,909389.4520416501
4929.809813165984,6,1,47.879050754190864,7485.054273050991,0,5.727864380056492,953702.0004578428
2865.6058203620864,6,2,19.951765882121737,10092.039028470928,1,1.5944977703994407,708751.6578400166
1272.5567863173658,2,1,41.990080333221336,18648.331447065746,0,9.75311412084763,393423.38600709743
1725.3829693371604,4,2,9.427030287462557,7307.458589981064,2,4.240539117376534,538469.7119260594
582.7580444636003,2,4,33.62302490125144,9841.401744850235,0,5.3008061942182225,309072.6919609954
4614.344629522246,6,4,48.85034772194717,1259.965880452941,1,4.197555768132304,890275.0370378592
1029.879873005635,1,2,5.094655043646839,2550.375680091929,3,7.142605571045801,386490.1409581634
3094.324139814141,3,2,0.4159971113596006,5913.240231560896,2,6.960089424966338,734660.2292995695
1733.248493092427,2,3,21.67913963163072,1529.1925756004136,1,7.43790079476222,456960.43424498796
2993.8010113210703,6,3,4.63127415256836,12996.131194916768,2,3.4132890665072875,789168.9246403778
3431.391747583389,4,3,37.419217483811565,9101.568779230827,2,3.841016330476594,741583.6121618443
4233.838116682407,6,4,45.727433192427945,11414.75885183242,1,2.1272610798658715,880728.1054715402
1428.8957229227144,4,3,21.701048635437942,4318.296532030261,1,6.899589746615013,440457.3291584317
549.4812289631622,2,1,12.935582107772047,6622.708559295706,3,1.358174146020873,288997.23806404875
1115.9853353096328,4,1,21.72016595033049,13612.665022201778,2,6.379141019711131,431814.16729648627
4550.083888316472,5,3,36.17239089250005,19340.751748977596,2,8.827262963664705,990015.1216284339
4432.5053490313185,5,1,0.4527080790185489,1957.9186984419748,1,9.0174893346067,987388.4793116716
3188.358959766387,5,4,29.472699474234858,17917.302096250056,0,5.041339843329655,771608.5539280681
3202.32587195144,1,1,30.664584244368953,11960.74282491296,1,5.133733193917664,671334.1516185179
3492.6650354581498,2,4,31.884412344796775,11714.47176835685,2,1.6927226470721561,717637.629873838
1289.1707538055232,6,2,12.101103999043861,10505.292168947446,1,7.036885228987321,526014.3387657704
4614.853756662319,6,2,35.70263616890634,2318.4876321794845,3,8.39133478335561,949360.6958668369
2384.467362014329,1,2,4.56957431658882,2707.6601829870524,0,3.2018954914424174,515497.5994139509
2224.1233771227385,4,2,9.96351682334004,12417.328107522635,1,4.791707934700282,623671.4996081594
2835.129673772769,1,1,43.873502332724094,7478.212857275607,3,8.549554030887432,583906.4779678691
711.3468504877477,4,3,36.93615753632832,18428.093264975934,2,8.894084208960592,398191.2961965473
1248.2751594023573,4,1,0.6872777005672626,8725.220209829973,1,3.1886198223780333,433281.1410545191
3821.151273918667,3,4,12.41881301849001,3722.347715350181,2,5.955135710872278,805244.1979420441
872.5940056630691,6,1,10.720324149658229,14579.657836538685,3,2.7324383557224436,467120.22119859053
3214.184492598747,5,1,13.540316401848628,6573.715007379187,2,1.916908877256009,707424.0639672906
1604.0709935659443,4,4,12.377988513994321,10983.93583976197,3,9.200084512527617,586854.2728986946
2251.8302631888946,3,2,3.126314787142287,14258.822924598231,3,8.384567538088984,676588.4218998998
1799.1218154681494,6,2,22.947025829841017,18105.018112839338,3,7.840314116228565,637861.982442361
2100.5272240922714,5,2,36.63667373930826,16051.632701231845,1,1.4388968693182638,554795.7580276295
3735.7065733291047,4,3,30.33658623587182,13850.860289581758,2,8.593559134392317,875081.1588744918
1837.0477203042876,4,4,33.64358342990399,13913.030465507729,2,4.942396683148454,554387.6973670911
3048.8208813360375,1,4,4.057458926811957,18972.568236609644,0,4.081556109662737,717795.6208980439
2642.2268098959485,1,1,47.57453550883936,6620.657852434185,0,5.9182872492283884,493205.1258859608
3486.5202441319166,6,3,41.92459169215124,1021.1297897275607,0,1.8221791845120023,730081.3456663773
4715.733826961411,5,2,40.254515924783135,6167.136628565775,0,7.80981894417159,913247.5337701297
3796.5744374461265,4,3,41.149190252088374,5139.9362129081355,2,6.241915691994663,806660.6929366622
1467.2317036584054,6,4,46.63552540663807,13574.857117165966,3,2.6793108718585077,502678.023376254
640.324107775781,6,4,27.212698305684885,13040.520395545052,3,2.6940897979214102,417612.0066486192
1680.188199349213,2,1,10.014100893381295,12275.766271389752,1,2.658237864154068,450748.4684762734
3177.8506881511466,1,1,30.839180392627057,1308.6254209796202,3,1.5130214879674058,607781.6677203136
731.4161606791265,5,4,37.14407468339695,14846.783034562302,2,6.290186044345163,420044.26872782834
2733.6481124055636,4,2,36.89586966770127,7147.077837224339,2,8.563133598296574,625211.2957481571
3185.7928201260015,6,2,26.072451208344006,13636.063791125991,2,1.1574839258864973,761767.5523416526
2004.0975086763237,4,3,3.422935966678903,11574.990141540913,1,1.441041804741462,532425.894341522
3969.1049168561985,2,4,18.55564692150639,7511.887583130237,0,6.154932490182512,842147.9913213135
979.6921391019731,5,4,46.038330423167864,3556.949074978047,3,8.375461168474471,401124.27844625665
838.1200178111394,6,2,29.2224454878713,2793.9590555491377,2,3.9406500151177024,322821.3940290646
3776.8494029162152,4,2,26.91659716278567,16798.84832913225,2,4.1465295892695,818287.476877388
2729.710922927893,1,4,13.442675719109676,18449.553299549603,0,6.367118477470983,678222.7646349155
3597.8107839248123,2,1,18.422445995828944,13345.972888521692,2,3.467916002117323,735612.7548681622
2456.723023716858,5,4,44.76730445765846,2965.2481823491844,3,1.2394752946991572,605864.4485011747
1608.8091495759807,2,4,33.32315237634179,8638.517120876575,1,7.617056662914365,474324.39432249137
4185.960429533899,1,2,39.36935133761664,14849.844801997988,2,6.630849216473078,833749.5507175642
4097.371455360407,5,2,22.717271153382757,15816.596796191294,3,6.226803991500932,887301.2412314625
3626.1341188449205,2,1,31.512360972807897,3246.1538235306834,2,7.675157160926408,699992.7825192697
1724.653117534832,3,1,12.419180437160376,1000.583658062266,0,7.0770775380583375,435295.58372432593
3156.038000910892,1,3,35.27304151417432,14530.603871731495,2,2.8529378936048904,655696.2368528754
2124.3825362301204,1,4,21.380066685166867,7775.327343737907,2,4.17232942249016,527332.0252720504
912.1193299698537,1,2,22.12727574073728,5835.1453007469445,1,2.134991275107625,269889.2667515551
4627.911089580092,3,1,32.466116228844086,1245.0519260009833,0,2.168713120760929,825627.6708721395
1115.6838391353263,3,3,46.81403107344633,11265.688728468494,0,7.085761717208853,385812.7930385484
4776.068092193611,4,3,3.200317330431046,17171.863973093656,1,8.727400962842484,1088113.578616334
2507.025978310801,6,2,41.23716186735038,19195.00127917917,2,9.664593254750251,705119.3206473368
